ivid,blue,green
ILA-010-035,966,810
ILA-010-036,923,648
ILA-010-037,969,729
ILA-010-040,1168,740
ILA-010-038,2412,1680
ILA-010-039,1128,921
ILA-010-001,221,160
ILA-010-003,134,173
ILA-010-004,208,294
ILA-010-005,207,204
ILA-010-006,203,165
ILA-010-007,778,599
ILA-010-002,662,423
ILA-010-008,1759,1585
ILA-010-009,236,285
ILA-010-010,391,445
ILA-010-011,325,383
ILA-010-012,381,457
ILA-010-013,514,542
ILA-010-014,1581,1336
ILA-010-015,1848,1515
ILA-010-016,356,561
ILA-010-017,1544,1282
ILA-010-018,208,220
ILA-010-019,148,199
ILA-010-020,187,217
ILA-010-021,475,416
ILA-010-022,416,462
ILA-010-023,335,358
ILA-010-024,749,868
ILA-010-025,662,813
ILA-010-026,546,647
ILA-010-027,804,1099
ILA-010-028,288,279
ILA-010-029,197,292
ILA-010-030,197,294
ILA-010-032,403,452
ILA-010-031,211,292
ILA-010-033,512,425
ILA-020-028,364,643
ILA-020-004,324,648
ILA-020-005,807,1232
ILA-020-006,442,1100
ILA-020-007,648,913
ILA-020-008,799,811
ILA-020-009,371,537
ILA-020-010,438,522
ILA-020-011,312,464
ILA-020-030,299,441
ILA-020-029,362,633
ILA-020-016,1098,1302
ILA-020-027,789,1078
ILA-020-017,733,972
ILA-020-018,654,1027
ILA-020-026,1182,1566
ILA-020-019,1025,1279
ILA-020-020,790,1074
ILA-020-021,290,356
ILA-020-022,817,1110
ILA-020-025,1040,1147
ILA-020-023,734,1140
ILA-020-024,814,1298
ILA-030-001,871,1306
ILA-030-002,204,377
ILA-030-003,889,1213
ILA-030-004,258,392
ILA-030-005,325,495
ILA-030-006,90,28
ILA-030-007,628,971
ILA-030-008,354,410
ILA-030-009,1615,1621
ILA-030-010,766,804
ILA-030-011,387,368
ILA-030-012,176,186
ILA-030-013,166,174
ILA-030-014,214,177
ILA-030-015,166,149
ILA-030-016,188,240
ILA-030-017,156,186
ILA-030-018,375,415
ILA-030-019,254,387
ILA-030-020,353,455
ILA-030-021,479,536
ILA-030-022,326,415
ILA-030-023,350,520
ILA-030-024,126,106
ILA-030-025,193,284
ILA-030-026,146,296
ILA-040-001,119,96
ILA-040-002,252,176
ILA-040-024,221,205
ILA-040-003,301,303
ILA-040-004,139,83
ILA-040-005,583,292
ILA-040-006,370,192
ILA-040-007,302,147
ILA-040-008,761,248
ILA-040-009,593,246
ILA-040-010,371,174
ILA-040-011,265,108
ILA-040-012,359,113
ILA-040-013,349,124
ILA-040-014,772,473
ILA-040-015,812,452
ILA-040-016,692,371
ILA-040-017,406,240
ILA-040-018,745,366
ILA-040-019,296,200
ILA-040-020,582,376
ILA-040-021,396,273
ILA-040-022,454,257
ILA-040-023,406,299
ILA-050-001,503,485
ILA-050-002,557,543
ILA-050-003,1380,911
ILA-050-004,928,550
ILA-050-005,240,248
ILA-050-006,600,403
ILA-050-007,350,462
ILA-050-008,415,547
ILA-050-009,437,866
ILA-050-010,798,810
ILA-050-011,366,465
ILA-050-012,236,258
ILA-050-013,239,420
ILA-050-014,353,409
ILA-050-015,719,891
ILA-050-016,669,1245
ILA-050-017,279,353
ILA-050-018,81,216
ILA-060-001,790,911
ILA-060-014,337,428
ILA-060-002,587,701
ILA-060-003,329,400
ILA-060-004,317,408
ILA-060-005,539,734
ILA-060-006,539,660
ILA-060-007,264,387
ILA-060-008,767,897
ILA-060-009,474,632
ILA-060-010,341,512
ILA-060-011,648,907
ILA-060-012,399,447
ILA-060-013,633,657
ILA-070-001,1477,1608
ILA-070-002,488,746
ILA-070-003,309,609
ILA-070-004,337,383
ILA-070-005,324,667
ILA-070-006,260,518
ILA-070-007,523,391
ILA-070-008,155,299
ILA-070-009,470,617
ILA-070-010,323,488
ILA-070-011,512,1020
ILA-070-012,669,1049
ILA-070-013,218,330
ILA-070-014,205,371
ILA-070-015,281,404
ILA-070-016,306,681
ILA-080-002,328,736
ILA-080-003,236,481
ILA-080-004,199,430
ILA-080-005,272,441
ILA-080-006,360,579
ILA-080-007,588,973
ILA-080-008,713,1034
ILA-080-010,142,382
ILA-080-009,211,332
ILA-080-011,375,656
ILA-080-012,204,379
ILA-080-013,308,619
ILA-080-014,109,243
ILA-080-015,1071,2061
ILA-080-016,658,1069
ILA-080-001,230,556
ILA-080-017,1221,2020
ILA-080-018,840,1406
ILA-080-019,550,1004
ILA-080-020,280,439
ILA-080-021,587,1008
ILA-080-022,385,684
ILA-080-023,318,585
ILA-080-024,195,439
ILA-090-001,379,841
ILA-090-002,532,662
ILA-090-003,528,975
ILA-090-004,420,589
ILA-090-005,317,512
ILA-090-006,701,895
ILA-090-007,384,761
ILA-090-008,840,1278
ILA-090-010,639,1246
ILA-090-009,788,1316
ILA-090-011,296,665
ILA-090-012,317,693
ILA-090-013,471,909
ILA-090-014,584,1208
ILA-090-015,649,1185
ILA-100-001,70,126
ILA-100-002,150,234
ILA-100-003,173,347
ILA-100-012,160,233
ILA-100-013,162,124
ILA-100-014,204,281
ILA-100-004,129,279
ILA-100-005,152,180
ILA-100-006,440,443
ILA-100-007,361,491
ILA-100-008,258,350
ILA-100-009,239,500
ILA-100-011,154,351
ILA-100-010,984,1457
ILA-100-015,265,589
ILA-100-016,207,403
ILA-100-017,308,787
ILA-100-018,269,679
ILA-110-001,449,144
ILA-110-002,331,68
ILA-110-003,344,135
ILA-110-004,129,68
ILA-110-005,180,73
ILA-110-006,214,50
ILA-110-007,24,32
ILA-110-010,126,27
ILA-110-008,509,68
ILA-110-009,347,147
ILA-120-003,308,49
ILA-120-001,687,114
ILA-120-002,552,77
ILA-120-004,261,23
ILA-120-005,219,68
ILA-120-006,264,58
ILA-120-007,423,69
TAO-010-004,1571,1834
TAO-010-043,1040,1131
TAO-010-042,1128,1211
TAO-010-032,1415,1180
TAO-010-044,940,905
TAO-010-033,1299,1310
TAO-010-041,1516,1618
TAO-010-020,270,508
TAO-010-040,1171,1449
TAO-010-001,177,211
TAO-010-021,193,311
TAO-010-002,380,383
TAO-010-031,363,508
TAO-010-008,346,426
TAO-010-009,342,591
TAO-010-034,1133,1356
TAO-010-019,305,394
TAO-010-025,375,361
TAO-010-003,270,364
TAO-010-007,178,362
TAO-010-026,1284,1436
TAO-010-027,308,457
TAO-010-023,1298,1224
TAO-010-064,1003,799
TAO-010-030,1261,1129
TAO-010-029,1091,1182
TAO-010-062,1131,1022
TAO-010-065,1009,763
TAO-010-066,1000,597
TAO-010-070,1181,580
TAO-010-054,913,734
TAO-010-055,1238,1329
TAO-010-052,768,724
TAO-010-028,1022,1303
TAO-010-053,825,887
TAO-010-035,981,737
TAO-010-060,864,820
TAO-010-036,1281,742
TAO-010-056,932,527
TAO-010-071,874,810
TAO-010-059,1368,1013
TAO-010-017,454,815
TAO-010-049,845,674
TAO-010-069,741,676
TAO-010-011,901,1380
TAO-010-050,1459,1404
TAO-010-072,1013,775
TAO-010-061,1518,1107
TAO-010-018,517,1073
TAO-010-073,674,556
TAO-010-012,956,1299
TAO-010-016,719,919
TAO-010-063,878,1079
TAO-010-048,1122,1382
TAO-010-067,763,895
TAO-010-051,1570,1072
TAO-010-024,1162,1277
TAO-010-022,1900,1413
TAO-010-075,1003,807
TAO-010-074,1375,905
TAO-010-068,1079,721
TAO-010-076,772,614
TAO-010-045,1086,714
TAO-010-057,822,517
TAO-010-046,1804,1787
TAO-010-037,954,867
TAO-010-010,941,1184
TAO-010-005,1331,998
TAO-010-014,409,524
TAO-010-013,676,677
TAO-010-038,932,1399
TAO-010-047,1059,1099
TAO-010-039,420,577
TAO-010-006,1561,979
TAO-010-015,225,335
TAO-010-058,1442,1116
TAO-070-002,1372,1391
TAO-070-015,1434,1576
TAO-070-004,1267,1157
TAO-070-013,980,1068
TAO-070-030,675,320
TAO-070-007,1915,83
TAO-070-008,1449,336
TAO-070-023,476,437
TAO-070-003,794,766
TAO-070-025,1006,991
TAO-070-024,673,698
TAO-070-017,261,561
TAO-070-016,683,943
TAO-070-026,753,772
TAO-070-018,403,881
TAO-070-014,1108,1207
TAO-070-006,1074,940
TAO-070-005,705,793
TAO-070-022,1113,853
TAO-070-027,680,524
TAO-070-028,1049,1023
TAO-070-019,931,800
TAO-070-009,350,309
TAO-070-020,859,945
TAO-070-010,630,720
TAO-070-029,395,426
TAO-070-012,311,520
TAO-070-011,333,485
TAO-070-021,423,461
TAO-070-001,1031,1371
TAO-080-001,812,812
TAO-080-002,868,872
TAO-080-003,533,266
TAO-080-040,537,646
TAO-080-028,914,837
TAO-080-004,990,625
TAO-080-005,1182,494
TAO-080-006,1115,409
TAO-080-044,544,643
TAO-080-007,743,830
TAO-080-008,1037,851
TAO-080-009,698,782
TAO-080-010,477,493
TAO-080-045,976,204
TAO-080-038,766,628
TAO-080-011,1013,1237
TAO-080-012,813,754
TAO-080-039,676,557
TAO-080-013,553,770
TAO-080-014,492,831
TAO-080-032,362,604
TAO-080-026,803,964
TAO-080-033,597,711
TAO-080-015,514,850
TAO-080-034,314,478
TAO-080-016,610,722
TAO-080-041,541,446
TAO-080-025,1082,903
TAO-080-017,1514,832
TAO-080-029,738,629
TAO-080-024,1303,685
TAO-080-046,1797,150
TAO-080-018,341,462
TAO-080-035,386,345
TAO-080-019,868,886
TAO-080-020,979,683
TAO-080-021,477,404
TAO-080-027,949,417
TAO-080-042,799,560
TAO-080-030,760,695
TAO-080-022,1012,1021
TAO-080-031,577,965
TAO-080-023,611,741
TAO-080-037,435,459
TAO-080-036,524,323
TAO-080-043,698,459
TAO-050-001,737,1434
TAO-050-002,1191,1812
TAO-050-003,1074,1042
TAO-050-022,750,781
TAO-050-023,492,932
TAO-050-004,906,973
TAO-050-021,175,610
TAO-050-005,376,23
TAO-050-006,752,1440
TAO-050-018,3453,2869
TAO-050-017,1043,970
TAO-050-007,751,806
TAO-050-008,1022,1079
TAO-050-020,646,741
TAO-050-019,458,560
TAO-050-009,1647,1335
TAO-050-026,2375,1645
TAO-050-025,1272,1023
TAO-050-024,563,414
TAO-050-010,500,841
TAO-050-011,379,638
TAO-050-012,792,1281
TAO-050-013,235,625
TAO-050-014,284,744
TAO-050-015,480,903
TAO-050-016,1112,1141
TAO-060-001,1590,1839
TAO-060-002,1325,1617
TAO-060-003,918,1126
TAO-060-004,281,667
TAO-060-005,1702,1792
TAO-060-006,854,1462
TAO-060-007,1200,1695
TAO-060-008,538,458
TAO-060-010,643,899
TAO-060-011,1377,1591
TAO-060-012,793,773
TAO-060-013,423,435
TAO-060-014,806,805
TAO-060-015,605,682
TAO-060-016,608,795
TAO-060-017,572,722
TAO-060-018,634,779
TAO-060-019,848,707
TAO-030-001,407,629
TAO-030-002,201,471
TAO-030-025,947,1468
TAO-030-003,971,1389
TAO-030-004,1139,1661
TAO-030-005,257,501
TAO-030-006,154,409
TAO-030-011,249,502
TAO-030-012,289,758
TAO-030-007,590,1188
TAO-030-008,380,957
TAO-030-009,190,389
TAO-030-010,177,346
TAO-030-014,339,671
TAO-030-013,690,889
TAO-030-017,1436,1149
TAO-030-016,1110,147
TAO-030-015,1236,316
TAO-030-027,1150,860
TAO-030-018,1144,950
TAO-030-019,800,588
TAO-030-026,1101,804
TAO-030-021,1108,1451
TAO-030-020,373,336
TAO-030-023,757,345
TAO-030-022,799,1060
TAO-030-024,1041,435
TAO-130-001,524,435
TAO-130-002,505,162
TAO-130-004,233,18
TAO-130-003,302,12
TAO-130-009,373,93
TAO-130-005,252,52
TAO-130-007,240,30
TAO-130-010,289,39
TAO-130-006,241,16
TAO-130-008,423,137
TAO-020-038,400,456
TAO-020-032,368,413
TAO-020-076,1071,367
TAO-020-002,1842,731
TAO-020-048,648,995
TAO-020-007,1385,1014
TAO-020-037,1120,801
TAO-020-024,897,1016
TAO-020-039,1955,390
TAO-020-049,670,1321
TAO-020-070,768,653
TAO-020-006,1159,676
TAO-020-042,1034,664
TAO-020-014,508,438
TAO-020-065,1242,578
TAO-020-072,1387,559
TAO-020-008,3499,575
TAO-020-022,335,602
TAO-020-025,1885,1397
TAO-020-011,1134,782
TAO-020-015,935,795
TAO-020-078,1428,216
TAO-020-052,1339,963
TAO-020-043,654,953
TAO-020-045,446,490
TAO-020-027,1257,1637
TAO-020-079,1142,860
TAO-020-058,819,521
TAO-020-040,260,307
TAO-020-051,800,1387
TAO-020-063,2033,747
TAO-020-077,1436,200
TAO-020-069,744,601
TAO-020-026,1027,847
TAO-020-005,714,373
TAO-020-059,824,512
TAO-020-056,1331,881
TAO-020-034,2197,1639
TAO-020-073,1208,1152
TAO-020-033,1873,1119
TAO-020-050,225,239
TAO-020-047,672,1481
TAO-020-057,1066,627
TAO-020-016,972,750
TAO-020-054,650,944
TAO-020-028,211,237
TAO-020-031,1684,1391
TAO-020-018,533,487
TAO-020-060,802,585
TAO-020-041,725,500
TAO-020-064,816,948
TAO-020-066,1018,920
TAO-020-036,1639,1487
TAO-020-061,975,609
TAO-020-035,509,520
TAO-020-044,1173,1322
TAO-020-055,978,969
TAO-020-062,1142,873
TAO-020-017,837,483
TAO-020-001,1356,276
TAO-020-074,1295,1277
TAO-020-021,672,698
TAO-020-053,799,567
TAO-020-012,1474,705
TAO-020-004,316,272
TAO-020-046,409,926
TAO-020-029,1727,608
TAO-020-081,815,350
TAO-020-080,655,777
TAO-020-020,878,404
TAO-020-009,918,404
TAO-020-019,1215,518
TAO-020-068,1111,446
TAO-020-023,540,249
TAO-020-013,806,471
TAO-020-075,953,386
TAO-020-030,1114,334
TAO-020-071,1310,293
TAO-020-003,1011,294
TAO-020-010,1052,348
TAO-020-067,1013,213
TAO-100-012,902,920
TAO-100-027,665,722
TAO-100-013,1150,1038
TAO-100-033,994,713
TAO-100-045,1013,961
TAO-100-046,1231,801
TAO-100-015,755,443
TAO-100-032,761,675
TAO-100-016,1541,1007
TAO-100-014,1517,611
TAO-100-029,513,345
TAO-100-030,939,675
TAO-100-006,795,713
TAO-100-043,890,618
TAO-100-004,1060,1088
TAO-100-031,690,840
TAO-100-034,921,792
TAO-100-003,1028,665
TAO-100-042,1014,958
TAO-100-005,1051,754
TAO-100-028,1394,1288
TAO-100-001,1203,786
TAO-100-002,763,943
TAO-100-009,571,572
TAO-100-041,833,632
TAO-100-007,940,858
TAO-100-040,327,461
TAO-100-037,1175,951
TAO-100-008,1077,687
TAO-100-044,628,342
TAO-100-035,757,802
TAO-100-010,925,971
TAO-100-039,653,497
TAO-100-023,1029,985
TAO-100-038,1334,470
TAO-100-025,901,348
TAO-100-026,1057,510
TAO-100-024,1016,1236
TAO-100-011,877,786
TAO-100-036,871,857
TAO-100-017,998,298
TAO-100-018,1041,495
TAO-100-021,212,27
TAO-100-020,473,82
TAO-100-019,943,260
TAO-100-022,457,92
TAO-040-018,1117,827
TAO-040-011,340,474
TAO-040-019,1062,636
TAO-040-012,308,33
TAO-040-014,837,498
TAO-040-035,410,276
TAO-040-013,1173,947
TAO-040-034,985,538
TAO-040-015,1131,693
TAO-040-028,1360,735
TAO-040-027,1072,575
TAO-040-029,1155,564
TAO-040-010,1015,665
TAO-040-026,761,462
TAO-040-001,1075,737
TAO-040-002,362,305
TAO-040-009,509,321
TAO-040-003,607,491
TAO-040-004,1346,1064
TAO-040-005,1005,750
TAO-040-030,929,779
TAO-040-006,607,670
TAO-040-021,1010,902
TAO-040-020,1184,1143
TAO-040-022,541,641
TAO-040-024,1082,826
TAO-040-025,875,797
TAO-040-008,546,701
TAO-040-016,1492,1183
TAO-040-031,597,342
TAO-040-017,629,749
TAO-040-033,723,616
TAO-040-032,785,705
TAO-040-007,1058,935
TAO-040-023,939,839
TAO-090-001,1109,860
TAO-090-020,850,617
TAO-090-002,1307,1090
TAO-090-021,527,553
TAO-090-003,1085,652
TAO-090-022,1076,304
TAO-090-006,945,579
TAO-090-023,1000,474
TAO-090-007,910,749
TAO-090-024,653,588
TAO-090-009,825,861
TAO-090-011,555,565
TAO-090-025,1042,765
TAO-090-010,1131,691
TAO-090-026,853,391
TAO-090-013,967,567
TAO-090-027,654,451
TAO-090-028,1372,405
TAO-090-014,1183,623
TAO-090-029,749,320
TAO-090-015,1168,481
TAO-090-017,283,512
TAO-090-018,362,420
TAO-090-019,790,443
TAO-090-030,1339,443
TAO-090-031,1116,509
TAO-090-004,643,752
TAO-090-012,786,824
TAO-090-016,438,458
TAO-090-008,142,276
TAO-110-001,884,826
TAO-110-002,1113,1004
TAO-110-003,426,485
TAO-110-004,952,1042
TAO-110-010,433,679
TAO-110-009,365,443
TAO-110-008,352,504
TAO-110-006,668,749
TAO-110-007,518,743
TAO-110-005,784,1190
TAO-110-022,273,559
TAO-110-023,334,605
TAO-110-021,306,380
TAO-110-019,184,291
TAO-110-018,189,221
TAO-110-020,237,418
TAO-110-017,277,348
TAO-110-016,608,815
TAO-110-015,174,362
TAO-110-011,137,262
TAO-110-013,183,313
TAO-110-012,387,620
TAO-110-014,326,416
TAO-120-001,736,757
TAO-120-002,349,356
TAO-120-003,315,454
TAO-120-004,324,463
TAO-120-006,458,623
TAO-120-005,208,291
TAO-120-007,217,287
TAO-120-008,141,259
TAO-120-009,354,447
TAO-120-010,508,745
TAO-120-011,463,777
TAO-120-012,572,882
TAO-120-013,262,540
TAO-120-014,941,1314
TAO-120-015,572,684
TAO-120-016,393,654
TAO-120-017,575,1023
TAO-120-018,432,807
TAO-120-019,283,322
TAO-120-020,444,696
TAO-120-021,1160,1509
TAO-120-022,601,630
TAO-120-023,418,545
HSQ-010-002,870,717
HSQ-010-003,530,591
HSQ-010-004,610,661
HSQ-010-005,142,160
HSQ-010-006,657,642
HSQ-010-021,2517,2608
HSQ-010-001,1433,1359
HSQ-010-024,607,612
HSQ-010-025,935,985
HSQ-010-007,1282,1158
HSQ-010-008,1443,1331
HSQ-010-026,666,769
HSQ-010-009,929,930
HSQ-010-010,842,837
HSQ-010-011,1158,1192
HSQ-010-022,817,882
HSQ-010-012,787,835
HSQ-010-013,312,374
HSQ-010-014,449,504
HSQ-010-023,254,212
HSQ-010-015,351,481
HSQ-010-016,132,333
HSQ-010-019,352,300
HSQ-010-017,234,421
HSQ-010-020,228,375
HSQ-010-018,268,503
HSQ-020-001,103,79
HSQ-020-002,111,82
HSQ-020-003,137,104
HSQ-020-004,690,370
HSQ-020-006,2595,1323
HSQ-020-005,1061,521
HSQ-020-021,524,418
HSQ-020-007,1326,798
HSQ-020-020,568,371
HSQ-020-022,320,217
HSQ-020-008,280,152
HSQ-020-009,922,418
HSQ-020-012,1362,546
HSQ-020-013,1074,523
HSQ-020-010,513,342
HSQ-020-024,527,289
HSQ-020-011,548,257
HSQ-020-023,2158,1081
HSQ-020-014,2062,1002
HSQ-020-025,187,104
HSQ-020-015,1590,1067
HSQ-020-019,2343,1651
HSQ-020-016,1166,852
HSQ-020-017,564,464
HSQ-020-018,188,202
HSQ-030-008,192,249
HSQ-030-009,138,172
HSQ-030-010,232,198
HSQ-030-007,598,518
HSQ-030-006,356,329
HSQ-030-004,319,379
HSQ-030-005,591,860
HSQ-030-016,258,465
HSQ-030-017,87,180
HSQ-030-018,128,298
HSQ-030-019,105,235
HSQ-030-015,195,360
HSQ-030-001,183,394
HSQ-030-002,146,225
HSQ-030-003,826,767
HSQ-030-011,364,449
HSQ-030-012,492,495
HSQ-030-013,163,348
HSQ-030-014,110,184
HSQ-040-001,163,117
HSQ-040-002,455,346
HSQ-040-003,186,196
HSQ-040-004,852,934
HSQ-040-006,139,226
HSQ-040-005,258,325
HSQ-040-007,264,257
HSQ-040-008,833,690
HSQ-040-019,152,253
HSQ-040-009,221,331
HSQ-040-020,227,232
HSQ-040-010,104,193
HSQ-040-013,95,136
HSQ-040-011,139,113
HSQ-040-012,215,244
HSQ-040-014,145,303
HSQ-040-015,423,424
HSQ-040-021,179,308
HSQ-040-016,316,144
HSQ-040-017,186,104
HSQ-040-018,233,227
HSQ-050-007,623,772
HSQ-050-019,898,682
HSQ-050-006,1019,971
HSQ-050-003,1061,819
HSQ-050-002,288,176
HSQ-050-001,396,276
HSQ-050-005,630,531
HSQ-050-018,637,487
HSQ-050-004,1142,863
HSQ-050-017,626,553
HSQ-050-013,406,364
HSQ-050-008,665,579
HSQ-050-009,238,268
HSQ-050-010,700,627
HSQ-050-011,768,402
HSQ-050-012,459,232
HSQ-050-016,1636,561
HSQ-050-014,1210,833
HSQ-050-020,949,426
HSQ-050-015,944,409
HSQ-060-001,232,224
HSQ-060-003,318,291
HSQ-060-002,337,397
HSQ-060-005,249,341
HSQ-060-006,185,159
HSQ-060-004,462,610
HSQ-060-009,430,559
HSQ-060-010,486,266
HSQ-060-014,769,405
HSQ-060-015,1073,688
HSQ-060-007,634,503
HSQ-060-012,338,238
HSQ-060-013,338,165
HSQ-060-008,1131,691
HSQ-060-017,640,443
HSQ-060-011,998,589
HSQ-060-016,754,444
HSQ-070-002,115,102
HSQ-070-001,186,105
HSQ-070-003,292,187
HSQ-070-004,90,109
HSQ-070-005,773,562
HSQ-070-006,367,426
HSQ-070-007,158,102
HSQ-070-008,152,162
HSQ-070-009,665,519
HSQ-070-010,432,399
HSQ-070-011,844,852
HSQ-070-012,284,256
HSQ-080-001,1166,706
HSQ-080-002,274,260
HSQ-080-003,56,50
HSQ-080-004,111,52
HSQ-080-005,137,75
HSQ-080-006,384,136
HSQ-080-011,339,133
HSQ-080-007,119,153
HSQ-080-008,256,337
HSQ-080-009,629,303
HSQ-080-010,622,250
HSQ-090-001,326,305
HSQ-090-002,408,282
HSQ-090-007,203,145
HSQ-090-003,663,725
HSQ-090-004,170,289
HSQ-090-005,130,99
HSQ-090-006,238,150
HSQ-090-008,102,97
HSQ-090-009,75,99
HSQ-100-001,533,419
HSQ-100-010,575,508
HSQ-100-002,360,298
HSQ-100-003,245,178
HSQ-100-004,449,283
HSQ-100-006,216,188
HSQ-100-005,266,181
HSQ-100-008,230,148
HSQ-100-009,220,173
HSQ-100-007,148,118
HSQ-110-001,269,181
HSQ-110-002,206,246
HSQ-110-003,162,168
HSQ-110-005,129,207
HSQ-110-004,501,241
HSQ-110-006,190,243
HSQ-120-001,216,76
HSQ-120-002,175,29
HSQ-120-003,401,60
HSQ-120-005,459,92
HSQ-120-004,223,45
HSQ-120-006,261,86
HSQ-120-007,353,106
HSQ-130-001,697,85
HSQ-130-004,602,130
HSQ-130-002,280,80
HSQ-130-003,165,29
MIA-010-001,432,225
MIA-010-003,395,231
MIA-010-007,1436,639
MIA-010-006,1649,734
MIA-010-004,907,449
MIA-010-005,1420,628
MIA-010-008,350,193
MIA-010-009,1083,505
MIA-010-012,356,242
MIA-010-010,395,246
MIA-010-011,270,107
MIA-010-014,444,312
MIA-010-023,872,428
MIA-010-013,1582,698
MIA-010-017,1258,606
MIA-010-015,639,369
MIA-010-016,1904,866
MIA-010-018,1397,737
MIA-010-026,1280,546
MIA-010-019,1503,694
MIA-010-025,1234,549
MIA-010-002,1597,647
MIA-010-022,1801,792
MIA-010-021,1312,557
MIA-010-028,1173,553
MIA-010-020,462,254
MIA-010-024,621,298
MIA-010-027,705,359
MIA-090-001,662,416
MIA-090-002,996,543
MIA-090-003,1316,675
MIA-090-005,918,496
MIA-090-006,840,472
MIA-090-004,413,235
MIA-090-008,515,206
MIA-090-011,176,99
MIA-090-009,806,394
MIA-090-007,671,332
MIA-090-010,154,76
MIA-090-014,635,310
MIA-090-015,594,319
MIA-090-017,652,321
MIA-090-016,537,330
MIA-090-018,121,37
MIA-090-019,160,78
MIA-120-001,1202,515
MIA-120-004,843,333
MIA-120-003,346,176
MIA-120-005,420,248
MIA-120-006,177,110
MIA-120-002,893,429
MIA-120-007,570,204
MIA-120-008,185,87
MIA-100-002,2201,888
MIA-100-004,744,264
MIA-100-005,623,247
MIA-100-003,849,368
MIA-100-006,586,177
MIA-100-001,552,131
MIA-100-007,1237,777
MIA-100-008,306,162
MIA-100-009,220,105
MIA-100-010,300,146
MIA-130-001,2116,871
MIA-130-004,1679,637
MIA-130-002,924,384
MIA-130-003,757,313
MIA-130-005,862,230
MIA-130-006,269,75
MIA-130-007,584,337
MIA-140-001,308,114
MIA-140-002,316,118
MIA-140-003,457,176
MIA-140-004,356,98
MIA-140-007,522,188
MIA-140-006,250,96
MIA-140-005,297,103
MIA-140-008,616,199
MIA-140-009,366,133
MIA-030-001,441,368
MIA-030-002,820,565
MIA-030-003,692,535
MIA-030-024,779,444
MIA-030-005,332,179
MIA-030-004,689,357
MIA-030-006,1104,653
MIA-030-014,807,424
MIA-030-015,234,100
MIA-030-016,503,144
MIA-030-017,215,70
MIA-030-018,363,166
MIA-030-007,320,172
MIA-030-008,368,304
MIA-030-009,321,229
MIA-030-010,284,157
MIA-030-011,576,292
MIA-030-012,611,305
MIA-030-013,669,373
MIA-030-019,982,464
MIA-030-020,372,411
MIA-030-021,335,182
MIA-030-022,488,279
MIA-030-023,279,196
MIA-020-001,760,519
MIA-020-002,568,532
MIA-020-003,299,288
MIA-020-004,478,452
MIA-020-005,381,397
MIA-020-006,668,553
MIA-020-007,397,346
MIA-020-008,936,596
MIA-020-009,1267,1064
MIA-020-010,744,560
MIA-020-011,352,293
MIA-020-012,240,208
MIA-020-013,563,320
MIA-020-014,469,504
MIA-020-015,682,470
MIA-020-016,481,356
MIA-020-017,231,197
MIA-020-018,394,237
MIA-020-023,220,224
MIA-020-020,553,507
MIA-020-021,657,384
MIA-020-022,592,462
MIA-020-019,795,646
MIA-020-024,574,365
MIA-020-025,660,431
MIA-060-001,636,239
MIA-060-002,380,199
MIA-060-003,649,284
MIA-060-004,1708,615
MIA-060-005,1113,331
MIA-060-006,527,232
MIA-060-007,449,148
MIA-060-008,1191,471
MIA-060-009,780,173
MIA-060-010,339,170
MIA-060-011,648,238
MIA-060-012,649,320
MIA-060-013,381,432
MIA-060-014,379,255
MIA-060-015,535,141
MIA-060-016,411,168
MIA-060-017,303,149
MIA-060-018,392,244
MIA-060-019,205,155
MIA-060-020,422,358
MIA-060-021,395,154
MIA-060-022,501,142
MIA-060-023,518,223
MIA-150-001,946,326
MIA-150-002,267,71
MIA-150-003,506,171
MIA-150-004,1695,733
MIA-150-005,265,109
MIA-150-006,241,106
MIA-150-007,632,335
MIA-150-008,324,184
MIA-150-009,428,220
MIA-040-001,622,530
MIA-040-002,835,783
MIA-040-003,766,680
MIA-040-004,1156,791
MIA-040-005,1230,1024
MIA-040-006,971,839
MIA-040-007,1120,740
MIA-040-008,1062,755
MIA-040-009,1958,1329
MIA-040-010,1117,784
MIA-040-023,931,697
MIA-040-011,367,302
MIA-040-012,888,642
MIA-040-013,527,397
MIA-040-014,700,512
MIA-040-015,229,196
MIA-040-016,1004,802
MIA-040-017,549,660
MIA-040-018,494,241
MIA-040-019,974,981
MIA-040-020,832,540
MIA-040-021,1067,804
MIA-040-022,310,323
MIA-050-001,950,386
MIA-050-002,791,364
MIA-050-003,1249,576
MIA-050-004,1610,652
MIA-050-005,1378,607
MIA-050-006,1149,451
MIA-050-007,335,187
MIA-050-008,1237,481
MIA-050-030,706,332
MIA-050-009,1240,458
MIA-050-010,603,326
MIA-050-011,283,158
MIA-050-012,413,270
MIA-050-020,632,224
MIA-050-021,915,417
MIA-050-016,1259,544
MIA-050-031,1786,793
MIA-050-015,1123,629
MIA-050-028,1232,531
MIA-050-029,1322,495
MIA-050-017,1583,597
MIA-050-014,1036,433
MIA-050-013,713,285
MIA-050-026,682,374
MIA-050-027,835,344
MIA-050-018,1133,518
MIA-050-019,587,343
MIA-050-022,626,211
MIA-050-024,452,156
MIA-050-023,1187,488
MIA-050-025,954,331
MIA-160-001,1037,460
MIA-160-002,295,133
MIA-160-003,426,144
MIA-160-004,135,39
MIA-160-005,221,112
MIA-160-006,267,145
MIA-160-007,205,112
MIA-160-008,186,80
MIA-110-001,642,178
MIA-110-002,351,103
MIA-110-003,745,153
MIA-110-004,375,150
MIA-110-005,385,174
MIA-110-006,512,179
MIA-110-007,460,277
MIA-110-008,511,95
MIA-110-009,580,86
MIA-080-001,756,329
MIA-080-002,311,165
MIA-080-006,507,279
MIA-080-003,813,334
MIA-080-004,633,264
MIA-080-005,243,84
MIA-080-007,278,152
MIA-080-009,306,158
MIA-080-010,238,107
MIA-080-008,587,392
MIA-080-011,400,235
MIA-080-012,343,267
MIA-170-001,197,65
MIA-170-002,263,193
MIA-170-003,381,333
MIA-170-004,233,171
MIA-170-005,308,114
MIA-170-006,206,78
MIA-170-007,375,204
MIA-070-007,776,790
MIA-070-008,427,410
MIA-070-001,308,292
MIA-070-002,575,545
MIA-070-004,492,217
MIA-070-005,288,108
MIA-070-010,302,223
MIA-070-003,741,670
MIA-070-009,745,708
MIA-070-011,374,233
MIA-070-006,296,178
MIA-180-001,156,49
MIA-180-002,620,166
MIA-180-003,513,166
MIA-180-004,303,43
MIA-180-005,315,75
MIA-180-006,323,42
MIA-180-007,401,103
MIA-180-008,412,16
CHA-010-032,1081,570
CHA-010-034,525,440
CHA-010-038,497,435
CHA-010-037,745,427
CHA-010-035,301,310
CHA-010-036,466,420
CHA-010-033,883,491
CHA-010-014,224,245
CHA-010-013,277,272
CHA-010-015,259,252
CHA-010-012,496,414
CHA-010-011,271,191
CHA-010-010,771,489
CHA-010-048,962,498
CHA-010-045,485,421
CHA-010-046,719,367
CHA-010-047,2436,1781
CHA-010-041,1560,1232
CHA-010-042,1969,1457
CHA-010-040,567,388
CHA-010-049,403,295
CHA-010-043,1006,786
CHA-010-044,1015,848
CHA-010-017,283,281
CHA-010-018,308,286
CHA-010-019,422,356
CHA-010-016,254,313
CHA-010-020,992,836
CHA-010-025,335,380
CHA-010-021,1118,728
CHA-010-023,1041,749
CHA-010-022,432,347
CHA-010-024,1228,825
CHA-010-031,1296,994
CHA-010-072,1659,1200
CHA-010-073,1405,888
CHA-010-029,1016,703
CHA-010-028,593,435
CHA-010-027,736,546
CHA-010-026,1089,859
CHA-010-030,1059,764
CHA-010-008,1481,1182
CHA-010-009,612,470
CHA-010-003,556,454
CHA-010-004,300,258
CHA-010-005,480,357
CHA-010-001,477,373
CHA-010-006,593,526
CHA-010-007,1467,931
CHA-010-002,1568,1043
CHA-010-060,312,256
CHA-010-061,845,653
CHA-010-059,487,267
CHA-010-063,773,673
CHA-010-062,2459,1686
CHA-010-065,872,578
CHA-010-064,1490,1031
CHA-010-056,747,695
CHA-010-051,617,421
CHA-010-053,892,798
CHA-010-054,1036,883
CHA-010-071,1657,868
CHA-010-058,915,636
CHA-010-055,2310,1765
CHA-010-052,535,446
CHA-010-057,393,357
CHA-010-050,1044,812
CHA-010-069,323,272
CHA-010-070,381,272
CHA-010-068,296,246
CHA-010-067,417,418
CHA-010-066,431,308
CHA-080-001,1153,796
CHA-080-002,613,525
CHA-080-003,940,592
CHA-080-004,323,404
CHA-080-005,509,465
CHA-080-006,629,397
CHA-080-007,220,225
CHA-080-008,624,469
CHA-080-009,1666,1068
CHA-080-010,990,640
CHA-080-011,1501,904
CHA-080-012,484,354
CHA-080-013,1220,687
CHA-080-014,404,196
CHA-080-015,383,239
CHA-080-016,757,375
CHA-080-017,611,332
CHA-080-018,605,353
CHA-090-001,679,544
CHA-090-002,533,497
CHA-090-003,749,552
CHA-090-015,212,227
CHA-090-004,940,806
CHA-090-005,794,788
CHA-090-006,605,580
CHA-090-007,324,352
CHA-090-011,353,350
CHA-090-008,315,485
CHA-090-009,230,260
CHA-090-010,462,667
CHA-090-012,394,512
CHA-090-013,364,352
CHA-090-014,270,432
CHA-020-001,305,347
CHA-020-002,122,160
CHA-020-003,234,297
CHA-020-004,261,267
CHA-020-017,248,400
CHA-020-018,585,601
CHA-020-013,354,331
CHA-020-014,91,71
CHA-020-016,194,190
CHA-020-015,215,228
CHA-020-012,379,337
CHA-020-009,176,187
CHA-020-010,216,341
CHA-020-011,322,424
CHA-020-008,937,1353
CHA-020-029,1288,1117
CHA-020-007,966,1215
CHA-020-005,1883,1799
CHA-020-006,1449,1336
CHA-020-021,1329,874
CHA-020-027,666,511
CHA-020-026,1045,878
CHA-020-028,863,698
CHA-020-023,1129,793
CHA-020-025,1014,1013
CHA-020-024,819,494
CHA-020-020,881,650
CHA-020-019,1280,789
CHA-020-022,1579,906
CHA-070-001,592,527
CHA-070-002,545,532
CHA-070-003,893,599
CHA-070-005,525,302
CHA-070-004,663,498
CHA-070-006,1304,952
CHA-070-007,951,862
CHA-070-008,857,665
CHA-070-009,455,354
CHA-070-010,1430,1030
CHA-070-011,674,542
CHA-070-012,476,485
CHA-070-013,436,554
CHA-070-014,731,618
CHA-030-001,1483,1103
CHA-030-002,1235,845
CHA-030-003,168,114
CHA-030-004,537,345
CHA-030-005,1008,668
CHA-030-006,735,572
CHA-030-007,591,326
CHA-030-008,297,205
CHA-030-009,643,410
CHA-030-010,762,735
CHA-030-011,530,281
CHA-030-012,632,431
CHA-030-013,587,500
CHA-030-014,401,356
CHA-030-015,1387,956
CHA-030-032,716,445
CHA-030-016,695,363
CHA-030-018,547,433
CHA-030-017,892,608
CHA-030-019,982,751
CHA-030-020,226,350
CHA-030-021,706,551
CHA-030-022,691,594
CHA-030-023,309,353
CHA-030-024,690,785
CHA-030-025,1048,670
CHA-030-026,658,333
CHA-030-027,337,226
CHA-030-028,269,439
CHA-030-029,618,456
CHA-030-030,1038,744
CHA-030-031,533,394
CHA-050-010,1727,1068
CHA-050-011,868,289
CHA-050-012,591,370
CHA-050-007,716,418
CHA-050-008,765,278
CHA-050-004,590,442
CHA-050-009,900,475
CHA-050-005,826,434
CHA-050-006,476,355
CHA-050-001,562,514
CHA-050-002,317,417
CHA-050-003,404,288
CHA-050-013,898,553
CHA-050-014,941,540
CHA-040-001,994,409
CHA-040-002,550,259
CHA-040-003,881,489
CHA-040-004,546,307
CHA-040-005,496,260
CHA-040-006,719,443
CHA-040-007,992,530
CHA-040-008,583,267
CHA-100-001,387,221
CHA-100-002,815,599
CHA-100-003,904,633
CHA-100-004,766,641
CHA-100-005,253,208
CHA-100-006,831,594
CHA-100-007,277,248
CHA-100-008,216,200
CHA-100-009,552,430
CHA-100-010,1578,1305
CHA-100-011,749,597
CHA-100-012,1226,989
CHA-100-013,1159,956
CHA-100-014,1445,993
CHA-100-015,489,474
CHA-100-016,630,541
CHA-100-040,413,337
CHA-100-041,659,486
CHA-100-017,664,576
CHA-100-018,1625,1088
CHA-100-019,818,657
CHA-100-037,801,600
CHA-100-038,620,468
CHA-100-039,645,546
CHA-100-020,571,468
CHA-100-021,639,619
CHA-100-022,866,628
CHA-100-023,645,607
CHA-100-024,1089,758
CHA-100-025,817,520
CHA-100-026,804,584
CHA-100-027,657,720
CHA-100-028,456,525
CHA-100-029,308,421
CHA-100-030,292,172
CHA-100-031,693,521
CHA-100-032,702,539
CHA-100-033,463,653
CHA-100-034,532,518
CHA-100-035,475,362
CHA-100-036,735,693
CHA-130-001,981,635
CHA-130-002,597,427
CHA-130-004,400,252
CHA-130-009,598,381
CHA-130-010,522,431
CHA-130-013,552,455
CHA-130-005,379,325
CHA-130-003,468,374
CHA-130-014,860,671
CHA-130-006,1019,452
CHA-130-012,807,382
CHA-130-011,539,331
CHA-130-007,975,699
CHA-130-015,743,465
CHA-130-016,618,495
CHA-130-008,801,614
CHA-160-001,307,237
CHA-160-002,484,417
CHA-160-003,664,529
CHA-160-004,663,564
CHA-160-005,565,465
CHA-160-006,466,378
CHA-160-007,299,353
CHA-160-008,381,203
CHA-160-009,761,596
CHA-160-010,425,428
CHA-160-011,438,293
CHA-160-012,455,472
CHA-160-013,541,512
CHA-160-014,580,465
CHA-160-015,396,406
CHA-160-016,260,301
CHA-160-017,280,183
CHA-160-018,250,269
CHA-160-019,269,220
CHA-160-020,342,234
CHA-160-021,334,231
CHA-160-022,287,180
CHA-160-023,497,230
CHA-160-024,387,485
CHA-110-001,457,370
CHA-110-002,236,215
CHA-110-003,543,395
CHA-110-004,169,126
CHA-110-005,1145,701
CHA-110-006,774,495
CHA-110-007,980,732
CHA-110-008,434,398
CHA-110-009,829,816
CHA-110-010,816,654
CHA-110-011,716,515
CHA-110-012,260,306
CHA-110-013,611,578
CHA-110-014,823,720
CHA-110-015,325,249
CHA-110-016,344,459
CHA-110-017,613,453
CHA-110-018,1382,1101
CHA-110-019,245,137
CHA-110-020,538,337
CHA-110-021,262,247
CHA-110-022,502,328
CHA-110-023,391,422
CHA-110-024,832,485
CHA-110-025,546,464
CHA-140-001,580,369
CHA-140-002,597,395
CHA-140-003,569,293
CHA-140-004,413,211
CHA-140-005,660,526
CHA-140-006,326,277
CHA-140-007,459,386
CHA-140-008,471,308
CHA-140-009,314,177
CHA-140-010,492,324
CHA-140-011,698,289
CHA-140-012,805,511
CHA-140-013,490,346
CHA-140-014,176,69
CHA-140-015,403,255
CHA-140-016,318,239
CHA-140-017,457,438
CHA-140-018,449,212
CHA-140-019,631,396
CHA-140-020,711,230
CHA-140-021,567,281
CHA-140-022,606,225
CHA-150-001,914,875
CHA-150-002,346,363
CHA-150-003,499,368
CHA-150-004,423,307
CHA-150-005,549,511
CHA-150-006,539,497
CHA-150-007,396,452
CHA-150-009,533,621
CHA-150-008,505,520
CHA-150-010,193,160
CHA-150-011,410,317
CHA-150-012,419,413
CHA-150-013,286,257
CHA-150-014,313,283
CHA-150-016,493,559
CHA-150-015,411,438
CHA-150-018,308,276
CHA-150-017,373,489
CHA-150-019,268,260
CHA-150-020,396,218
CHA-120-001,271,229
CHA-120-002,523,189
CHA-120-003,237,154
CHA-120-004,579,349
CHA-120-005,506,371
CHA-120-006,456,306
CHA-120-009,1280,669
CHA-120-008,241,172
CHA-120-007,570,395
CHA-120-010,763,600
CHA-120-011,354,288
CHA-120-012,493,329
CHA-120-013,721,471
CHA-120-014,741,541
CHA-120-015,565,413
CHA-120-016,388,355
CHA-120-017,581,345
CHA-120-018,1371,885
CHA-120-019,397,376
CHA-120-020,623,301
CHA-120-021,340,243
CHA-120-022,230,291
CHA-170-001,787,810
CHA-170-004,1189,1220
CHA-170-007,827,672
CHA-170-010,266,174
CHA-170-013,353,311
CHA-170-016,393,294
CHA-170-019,404,493
CHA-170-022,311,292
CHA-170-002,486,415
CHA-170-005,290,251
CHA-170-008,697,571
CHA-170-011,439,428
CHA-170-014,403,357
CHA-170-017,379,348
CHA-170-020,266,284
CHA-170-023,418,246
CHA-170-003,246,419
CHA-170-006,387,310
CHA-170-009,223,161
CHA-170-012,320,221
CHA-170-015,327,226
CHA-170-018,231,253
CHA-170-021,364,378
CHA-170-024,574,558
CHA-180-016,281,458
CHA-180-017,220,276
CHA-180-001,259,268
CHA-180-002,295,380
CHA-180-003,232,236
CHA-180-004,206,236
CHA-180-005,363,307
CHA-180-006,417,297
CHA-180-007,337,289
CHA-180-008,222,134
CHA-180-009,360,375
CHA-180-010,245,341
CHA-180-011,227,339
CHA-180-012,293,257
CHA-180-013,175,285
CHA-180-014,230,188
CHA-180-015,197,196
CHA-190-012,745,872
CHA-190-013,608,657
CHA-190-010,1613,1281
CHA-190-011,578,495
CHA-190-001,621,400
CHA-190-002,321,237
CHA-190-003,187,218
CHA-190-004,251,253
CHA-190-005,447,491
CHA-190-006,555,340
CHA-190-007,605,592
CHA-190-008,925,673
CHA-190-009,431,359
CHA-190-014,718,510
CHA-190-015,645,360
CHA-210-001,489,323
CHA-210-002,300,192
CHA-210-003,908,570
CHA-210-011,510,440
CHA-210-010,434,407
CHA-210-004,437,290
CHA-210-009,448,378
CHA-210-007,399,298
CHA-210-008,232,204
CHA-210-005,319,236
CHA-210-006,410,356
CHA-210-012,437,385
CHA-210-013,585,519
CHA-210-014,416,242
CHA-210-015,380,255
CHA-210-016,563,406
CHA-210-017,665,490
CHA-210-018,121,76
CHA-210-019,220,228
CHA-210-020,308,268
CHA-220-001,761,723
CHA-220-002,592,440
CHA-220-003,508,532
CHA-220-004,923,467
CHA-220-005,405,310
CHA-220-006,444,461
CHA-220-007,1142,798
CHA-220-008,589,514
CHA-220-009,193,223
CHA-220-010,171,215
CHA-220-011,563,456
CHA-220-012,235,482
CHA-220-013,217,287
CHA-220-014,232,341
CHA-220-015,381,463
CHA-220-016,216,406
CHA-220-017,246,397
CHA-260-001,410,658
CHA-260-005,169,276
CHA-260-008,207,401
CHA-260-011,444,553
CHA-260-014,449,550
CHA-260-017,526,713
CHA-260-002,348,589
CHA-260-006,475,556
CHA-260-009,597,717
CHA-260-012,539,554
CHA-260-015,586,629
CHA-260-018,354,143
CHA-260-003,430,282
CHA-260-007,260,302
CHA-260-010,191,225
CHA-260-013,246,330
CHA-260-016,333,468
CHA-260-019,159,428
CHA-260-004,223,634
CHA-200-001,775,656
CHA-200-002,1319,788
CHA-200-003,514,376
CHA-200-004,1108,824
CHA-200-005,739,408
CHA-200-006,470,517
CHA-200-007,372,427
CHA-200-008,427,351
CHA-200-009,500,281
CHA-200-010,620,387
CHA-200-011,1106,725
CHA-200-012,876,640
CHA-200-013,561,379
CHA-200-014,681,460
CHA-200-015,593,380
CHA-200-016,364,208
CHA-200-017,565,548
CHA-200-018,425,507
CHA-200-019,484,341
CHA-200-020,1537,832
CHA-200-022,596,309
CHA-200-021,488,266
CHA-200-023,388,288
CHA-200-024,499,419
CHA-200-025,476,271
CHA-200-026,401,350
CHA-200-027,300,251
CHA-240-001,373,510
CHA-240-007,506,333
CHA-240-004,328,225
CHA-240-003,599,309
CHA-240-005,489,247
CHA-240-002,428,335
CHA-240-008,275,160
CHA-240-010,445,222
CHA-240-014,311,309
CHA-240-015,197,177
CHA-240-006,479,237
CHA-240-012,609,248
CHA-240-013,496,252
CHA-240-009,269,256
CHA-240-011,298,357
CHA-230-001,297,210
CHA-230-002,117,128
CHA-230-003,256,199
CHA-230-004,174,122
CHA-230-005,370,160
CHA-230-006,536,480
CHA-230-007,366,344
CHA-230-014,187,253
CHA-230-009,222,161
CHA-230-010,263,128
CHA-230-011,283,250
CHA-230-012,158,163
CHA-230-013,171,117
CHA-230-015,348,794
CHA-230-016,194,285
CHA-230-017,199,282
CHA-230-019,258,525
CHA-230-018,126,292
CHA-230-020,381,482
CHA-230-008,123,99
CHA-230-021,429,339
CHA-230-023,574,495
CHA-230-024,267,154
CHA-230-022,334,283
CHA-230-025,318,351
CHA-230-026,775,772
CHA-250-001,434,363
CHA-250-002,768,563
CHA-250-003,334,204
CHA-250-004,329,203
CHA-250-005,401,741
CHA-250-006,197,262
CHA-250-007,385,356
CHA-250-008,351,447
CHA-250-009,158,226
CHA-250-010,287,319
CHA-250-011,224,245
CHA-250-012,158,271
CHA-250-013,189,311
CHA-250-014,149,251
NAN-010-001,222,321
NAN-010-002,362,390
NAN-010-003,285,195
NAN-010-004,135,175
NAN-010-005,174,190
NAN-010-006,97,153
NAN-010-007,273,295
NAN-010-015,1365,1084
NAN-010-016,897,750
NAN-010-017,532,709
NAN-010-018,1065,1024
NAN-010-012,1529,1553
NAN-010-013,541,756
NAN-010-014,277,302
NAN-010-010,1234,1118
NAN-010-011,125,114
NAN-010-028,732,544
NAN-010-027,1921,929
NAN-010-029,1804,1301
NAN-010-030,456,420
NAN-010-034,228,75
NAN-010-032,627,138
NAN-010-033,679,123
NAN-010-031,549,101
NAN-010-008,685,696
NAN-010-009,1857,1563
NAN-010-023,1335,1054
NAN-010-024,1051,1155
NAN-010-025,758,701
NAN-010-026,795,854
NAN-010-022,329,422
NAN-010-020,274,229
NAN-010-021,147,278
NAN-010-019,576,628
NAN-020-001,824,808
NAN-020-031,787,695
NAN-020-010,2044,1552
NAN-020-011,1114,766
NAN-020-012,331,261
NAN-020-013,303,277
NAN-020-014,371,233
NAN-020-003,939,848
NAN-020-002,252,317
NAN-020-004,708,624
NAN-020-030,1019,755
NAN-020-032,828,686
NAN-020-033,697,496
NAN-020-027,351,376
NAN-020-028,760,614
NAN-020-005,689,629
NAN-020-007,1091,933
NAN-020-006,344,384
NAN-020-008,1743,1399
NAN-020-009,180,431
NAN-020-015,337,238
NAN-020-016,104,90
NAN-020-017,435,298
NAN-020-018,480,316
NAN-020-019,540,357
NAN-020-020,467,310
NAN-020-021,260,166
NAN-020-022,490,185
NAN-020-029,511,481
NAN-020-023,322,344
NAN-020-024,248,151
NAN-020-025,246,316
NAN-020-026,712,830
NAN-030-001,719,448
NAN-030-026,1272,891
NAN-030-002,683,517
NAN-030-024,261,186
NAN-030-003,360,341
NAN-030-025,713,633
NAN-030-004,2011,1469
NAN-030-005,2293,1411
NAN-030-027,1022,682
NAN-030-012,1074,694
NAN-030-009,1400,938
NAN-030-010,820,522
NAN-030-011,939,720
NAN-030-007,1932,1317
NAN-030-008,1374,1055
NAN-030-013,1123,721
NAN-030-016,805,646
NAN-030-015,509,347
NAN-030-014,775,808
NAN-030-006,1748,1338
NAN-030-017,683,533
NAN-030-018,630,669
NAN-030-019,1426,912
NAN-030-021,406,238
NAN-030-020,633,340
NAN-030-023,463,224
NAN-030-022,946,496
NAN-040-001,664,606
NAN-040-002,265,152
NAN-040-003,1364,1240
NAN-040-004,1043,874
NAN-040-028,686,612
NAN-040-007,1061,1045
NAN-040-006,418,296
NAN-040-008,214,436
NAN-040-009,394,377
NAN-040-026,221,263
NAN-040-019,159,103
NAN-040-014,1400,1226
NAN-040-027,1028,995
NAN-040-012,536,519
NAN-040-011,788,917
NAN-040-013,259,221
NAN-040-015,478,556
NAN-040-016,312,390
NAN-040-017,346,440
NAN-040-018,251,184
NAN-040-020,193,182
NAN-040-005,437,513
NAN-040-010,294,281
NAN-040-021,239,157
NAN-040-022,246,248
NAN-040-024,142,148
NAN-040-023,188,172
NAN-040-025,264,266
NAN-050-001,356,235
NAN-050-002,267,249
NAN-050-003,125,185
NAN-050-004,346,287
NAN-050-005,140,182
NAN-050-006,136,138
NAN-050-007,292,244
NAN-050-008,453,392
NAN-050-009,276,245
NAN-050-011,217,161
NAN-050-010,135,64
NAN-060-001,351,331
NAN-060-002,1099,940
NAN-060-003,734,672
NAN-060-004,476,503
NAN-060-006,311,368
NAN-060-005,376,315
NAN-060-007,1174,1307
NAN-060-008,564,572
NAN-060-023,355,195
NAN-060-009,256,310
NAN-060-010,355,444
NAN-060-013,172,326
NAN-060-011,477,784
NAN-060-012,287,308
NAN-060-015,360,442
NAN-060-014,218,395
NAN-060-016,504,544
NAN-060-017,578,434
NAN-060-018,380,413
NAN-060-020,311,219
NAN-060-019,245,364
NAN-060-021,255,285
NAN-060-022,514,548
NAN-070-002,524,385
NAN-070-001,628,531
NAN-070-003,496,312
NAN-070-004,779,496
NAN-070-005,342,313
NAN-070-008,279,134
NAN-070-006,665,366
NAN-070-007,385,215
NAN-070-009,472,449
NAN-070-010,530,428
NAN-070-011,95,126
NAN-070-012,182,268
NAN-070-013,212,239
NAN-080-001,296,283
NAN-080-002,178,118
NAN-080-003,274,222
NAN-080-005,329,209
NAN-080-004,270,188
NAN-080-006,792,454
NAN-080-007,95,90
NAN-080-008,322,152
NAN-080-009,161,192
NAN-080-010,490,310
NAN-080-011,371,399
NAN-080-012,367,225
NAN-080-016,176,124
NAN-080-013,252,232
NAN-080-018,192,144
NAN-080-014,261,183
NAN-080-017,181,150
NAN-080-015,185,168
NAN-090-002,614,538
NAN-090-001,470,396
NAN-090-005,271,364
NAN-090-006,334,361
NAN-090-007,341,271
NAN-090-004,422,352
NAN-090-008,196,212
NAN-090-009,261,165
NAN-090-003,304,279
NAN-090-010,289,153
NAN-090-013,238,155
NAN-090-011,314,209
NAN-090-012,228,139
NAN-100-001,534,384
NAN-100-002,627,289
NAN-100-003,209,219
NAN-100-005,434,260
NAN-100-006,237,151
NAN-100-013,283,130
NAN-100-004,580,390
NAN-100-007,674,353
NAN-100-008,282,186
NAN-100-009,386,257
NAN-100-012,202,186
NAN-100-010,552,360
NAN-100-011,554,362
NAN-110-001,333,197
NAN-110-003,634,434
NAN-110-004,282,181
NAN-110-005,380,215
NAN-110-002,188,158
NAN-110-010,210,133
NAN-110-011,301,97
NAN-110-006,385,212
NAN-110-019,547,359
NAN-110-007,402,239
NAN-110-008,559,372
NAN-110-015,326,372
NAN-110-009,441,294
NAN-110-012,137,90
NAN-110-013,161,103
NAN-110-014,500,272
NAN-110-018,93,101
NAN-110-016,134,78
NAN-110-017,230,349
NAN-120-004,627,340
NAN-120-005,221,156
NAN-120-006,283,213
NAN-120-014,243,163
NAN-120-013,271,83
NAN-120-007,682,150
NAN-120-008,613,308
NAN-120-009,470,444
NAN-120-010,290,173
NAN-120-011,385,166
NAN-120-001,515,112
NAN-120-002,488,108
NAN-120-012,303,68
NAN-120-003,272,22
NAN-130-010,516,211
NAN-130-009,661,265
NAN-130-014,45,6
NAN-130-011,484,143
NAN-130-012,634,137
NAN-130-007,289,54
NAN-130-006,364,50
NAN-130-005,228,58
NAN-130-015,136,88
NAN-130-008,557,80
NAN-130-013,291,56
NAN-130-001,341,37
NAN-130-002,422,51
NAN-130-003,507,64
NAN-130-004,215,26
YUN-130-002,1484,1573
YUN-130-001,984,1002
YUN-130-003,276,731
YUN-130-004,340,1066
YUN-130-007,554,551
YUN-130-006,851,635
YUN-130-008,557,1177
YUN-130-005,558,760
YUN-130-009,717,1263
YUN-130-010,162,458
YUN-130-011,602,1173
YUN-130-012,386,774
YUN-160-001,413,294
YUN-160-003,307,293
YUN-160-002,328,259
YUN-160-004,529,539
YUN-160-010,199,287
YUN-160-005,156,629
YUN-160-006,286,759
YUN-160-007,116,219
YUN-160-009,59,166
YUN-160-008,158,248
YUN-160-015,446,542
YUN-160-011,451,499
YUN-160-012,394,379
YUN-160-013,753,998
YUN-160-014,629,575
YUN-140-005,227,543
YUN-140-004,123,225
YUN-140-003,349,696
YUN-140-001,425,548
YUN-140-002,343,492
YUN-140-007,141,407
YUN-140-006,109,262
YUN-140-009,231,427
YUN-140-008,175,324
YUN-140-010,475,841
YUN-140-012,269,420
YUN-140-011,259,577
YUN-150-001,519,793
YUN-150-002,399,550
YUN-150-003,395,629
YUN-150-005,267,762
YUN-150-004,233,650
YUN-150-006,203,435
YUN-150-007,139,406
YUN-150-008,344,514
YUN-150-009,129,463
YUN-050-001,263,313
YUN-050-002,292,395
YUN-050-003,370,565
YUN-050-004,278,384
YUN-050-005,194,636
YUN-050-010,435,792
YUN-050-006,293,545
YUN-050-007,243,587
YUN-050-008,267,575
YUN-050-015,475,1027
YUN-050-016,301,713
YUN-050-009,209,392
YUN-050-011,302,860
YUN-050-012,367,810
YUN-050-014,334,760
YUN-050-013,154,490
YUN-050-017,238,765
YUN-030-003,693,771
YUN-030-002,458,552
YUN-030-004,799,898
YUN-030-005,720,767
YUN-030-001,313,319
YUN-030-006,903,1058
YUN-030-028,1101,1133
YUN-030-007,476,394
YUN-030-008,623,809
YUN-030-009,438,688
YUN-030-010,735,1028
YUN-030-011,447,671
YUN-030-012,233,393
YUN-030-027,111,132
YUN-030-018,486,1165
YUN-030-019,179,383
YUN-030-020,399,781
YUN-030-021,370,618
YUN-030-022,529,1353
YUN-030-023,520,917
YUN-030-024,490,1212
YUN-030-025,326,564
YUN-030-026,349,601
YUN-030-029,275,531
YUN-030-016,340,690
YUN-030-017,129,464
YUN-030-015,166,456
YUN-030-014,152,392
YUN-030-013,235,488
YUN-180-001,354,652
YUN-180-005,571,779
YUN-180-002,106,295
YUN-180-003,176,405
YUN-180-004,197,377
YUN-180-008,147,388
YUN-180-007,108,322
YUN-180-006,231,442
YUN-180-012,180,434
YUN-180-011,99,305
YUN-180-020,95,221
YUN-180-009,160,358
YUN-180-010,51,152
YUN-180-013,284,565
YUN-180-014,165,274
YUN-180-015,200,254
YUN-180-016,102,421
YUN-180-021,68,461
YUN-180-017,183,421
YUN-180-018,177,298
YUN-180-019,157,229
YUN-170-001,932,1333
YUN-170-002,363,663
YUN-170-003,304,604
YUN-170-004,131,346
YUN-170-005,240,407
YUN-170-006,178,519
YUN-170-007,240,391
YUN-170-008,86,396
YUN-170-009,236,185
YUN-170-010,129,419
YUN-170-011,31,243
YUN-170-012,240,498
YUN-170-013,295,748
YUN-170-014,115,572
YUN-170-015,136,456
YUN-170-016,241,600
YUN-170-017,183,428
YUN-170-018,284,703
YUN-170-019,77,361
YUN-170-020,135,411
YUN-170-021,145,342
YUN-190-002,266,459
YUN-190-001,267,501
YUN-190-003,136,266
YUN-190-005,128,312
YUN-190-004,116,367
YUN-190-006,130,465
YUN-190-007,198,685
YUN-190-008,340,834
YUN-190-009,334,637
YUN-190-010,343,640
YUN-190-011,75,240
YUN-190-012,227,765
YUN-190-013,147,369
YUN-190-014,162,951
YUN-190-015,170,466
YUN-190-019,330,828
YUN-190-020,140,617
YUN-190-017,148,529
YUN-190-018,97,368
YUN-190-016,141,458
YUN-190-021,128,296
YUN-200-001,431,1068
YUN-200-002,396,991
YUN-200-011,105,431
YUN-200-012,116,349
YUN-200-014,161,552
YUN-200-015,141,436
YUN-200-013,163,612
YUN-200-023,133,342
YUN-200-005,163,513
YUN-200-006,121,347
YUN-200-007,113,319
YUN-200-008,162,535
YUN-200-009,183,273
YUN-200-010,240,478
YUN-200-016,154,496
YUN-200-017,135,427
YUN-200-018,296,556
YUN-200-019,99,280
YUN-200-020,123,389
YUN-200-021,92,412
YUN-200-022,103,394
YUN-200-003,103,665
YUN-200-004,132,793
YUN-200-024,152,433
YUN-060-001,125,420
YUN-060-002,116,382
YUN-060-003,83,249
YUN-060-004,155,519
YUN-060-005,81,178
YUN-060-006,100,202
YUN-060-007,75,200
YUN-060-008,189,446
YUN-060-009,122,249
YUN-060-010,73,183
YUN-060-011,112,301
YUN-060-012,257,600
YUN-060-013,124,178
YUN-060-014,1006,2240
YUN-060-015,428,628
YUN-060-016,1115,2367
YUN-060-017,214,599
YUN-060-021,130,502
YUN-060-028,53,230
YUN-060-018,126,412
YUN-060-019,191,656
YUN-060-020,211,527
YUN-060-022,122,491
YUN-060-023,67,280
YUN-060-024,280,899
YUN-060-025,467,1405
YUN-060-026,56,605
YUN-060-027,63,288
YUN-120-001,393,470
YUN-120-002,318,608
YUN-120-003,607,933
YUN-120-004,319,909
YUN-120-005,402,988
YUN-120-006,171,666
YUN-120-007,416,919
YUN-120-008,354,226
YUN-120-009,296,693
YUN-120-010,336,791
YUN-120-011,282,628
YUN-120-012,215,540
YUN-120-013,177,629
YUN-120-014,164,359
YUN-110-001,313,616
YUN-110-002,349,791
YUN-110-003,219,871
YUN-110-004,215,797
YUN-110-005,222,554
YUN-110-006,420,826
YUN-110-007,139,466
YUN-110-018,178,724
YUN-110-008,113,528
YUN-110-009,86,421
YUN-110-010,172,864
YUN-110-011,246,953
YUN-110-012,123,440
YUN-110-013,349,745
YUN-110-014,172,620
YUN-110-015,136,455
YUN-110-016,150,388
YUN-110-017,188,525
YUN-040-001,248,803
YUN-040-002,285,633
YUN-040-003,429,568
YUN-040-004,699,1039
YUN-040-005,86,163
YUN-040-006,147,231
YUN-040-007,149,207
YUN-040-008,220,370
YUN-040-009,483,931
YUN-040-010,714,1514
YUN-040-011,153,668
YUN-040-012,215,675
YUN-040-017,375,836
YUN-040-018,103,446
YUN-040-019,114,510
YUN-040-021,226,634
YUN-040-020,206,322
YUN-040-022,150,487
YUN-040-025,229,564
YUN-040-024,115,362
YUN-040-023,244,226
YUN-040-026,102,478
YUN-040-027,181,662
YUN-040-013,197,414
YUN-040-014,171,434
YUN-040-015,221,913
YUN-040-016,221,748
YUN-090-001,859,1494
YUN-090-002,109,488
YUN-090-003,235,747
YUN-090-004,241,611
YUN-090-005,157,603
YUN-090-006,318,818
YUN-090-007,627,1112
YUN-090-008,361,591
YUN-090-010,413,832
YUN-090-009,245,507
YUN-090-011,488,690
YUN-090-012,320,705
YUN-090-013,281,636
YUN-090-014,322,839
YUN-100-001,325,422
YUN-100-002,922,1381
YUN-100-003,488,949
YUN-100-004,168,223
YUN-100-005,195,397
YUN-100-006,669,1153
YUN-100-007,156,309
YUN-100-008,324,484
YUN-100-009,313,428
YUN-100-010,369,862
YUN-010-003,199,238
YUN-010-004,203,202
YUN-010-005,191,264
YUN-010-006,258,311
YUN-010-007,219,267
YUN-010-033,916,927
YUN-010-032,1304,1173
YUN-010-008,1160,946
YUN-010-037,696,763
YUN-010-010,743,785
YUN-010-036,621,543
YUN-010-001,411,466
YUN-010-002,326,384
YUN-010-009,818,934
YUN-010-034,747,646
YUN-010-014,520,781
YUN-010-013,1114,1089
YUN-010-038,652,680
YUN-010-012,1079,920
YUN-010-035,654,690
YUN-010-011,362,520
YUN-010-019,271,413
YUN-010-018,647,542
YUN-010-015,221,196
YUN-010-016,428,691
YUN-010-017,92,260
YUN-010-020,544,737
YUN-010-023,1351,1527
YUN-010-022,1003,1360
YUN-010-021,392,638
YUN-010-026,927,1424
YUN-010-027,186,427
YUN-010-028,362,591
YUN-010-024,479,741
YUN-010-025,317,529
YUN-010-030,601,992
YUN-010-029,687,936
YUN-010-031,194,515
YUN-080-001,175,343
YUN-080-009,107,380
YUN-080-010,144,268
YUN-080-011,255,560
YUN-080-002,508,959
YUN-080-003,234,527
YUN-080-004,159,538
YUN-080-007,303,599
YUN-080-005,363,866
YUN-080-006,374,856
YUN-080-008,241,574
YUN-080-012,204,347
YUN-080-013,126,334
YUN-080-014,146,371
YUN-080-015,166,383
YUN-020-001,280,446
YUN-020-002,1284,1504
YUN-020-003,506,686
YUN-020-004,371,413
YUN-020-005,295,423
YUN-020-007,230,532
YUN-020-008,172,399
YUN-020-022,145,429
YUN-020-009,215,425
YUN-020-010,129,352
YUN-020-011,231,536
YUN-020-012,339,654
YUN-020-006,422,910
YUN-020-016,1091,1792
YUN-020-017,178,380
YUN-020-018,216,299
YUN-020-019,217,335
YUN-020-020,263,775
YUN-020-013,214,407
YUN-020-014,497,1105
YUN-020-015,396,918
YUN-020-021,209,762
YUN-070-007,340,858
YUN-070-006,268,628
YUN-070-005,894,931
YUN-070-004,320,495
YUN-070-003,232,481
YUN-070-001,268,444
YUN-070-002,229,326
YUN-070-017,448,592
YUN-070-018,444,640
YUN-070-019,287,500
YUN-070-020,130,264
YUN-070-010,374,658
YUN-070-015,366,714
YUN-070-016,78,329
YUN-070-012,304,514
YUN-070-009,62,129
YUN-070-008,113,314
YUN-070-011,148,486
YUN-070-013,107,183
YUN-070-014,120,267
CYQ-010-001,665,700
CYQ-010-002,171,192
CYQ-010-003,393,660
CYQ-010-004,477,647
CYQ-010-005,469,417
CYQ-010-006,271,411
CYQ-010-007,332,318
CYQ-010-018,560,594
CYQ-010-008,334,454
CYQ-010-009,242,551
CYQ-010-010,471,710
CYQ-010-011,214,238
CYQ-010-012,216,136
CYQ-010-013,404,981
CYQ-010-014,541,1123
CYQ-010-015,221,561
CYQ-010-016,350,762
CYQ-010-017,128,234
CYQ-110-001,118,270
CYQ-110-002,179,324
CYQ-110-003,489,463
CYQ-110-004,464,473
CYQ-110-005,175,181
CYQ-110-006,338,499
CYQ-110-007,154,236
CYQ-110-008,233,437
CYQ-110-009,369,448
CYQ-110-010,436,285
CYQ-110-011,345,343
CYQ-110-012,357,362
CYQ-110-013,450,587
CYQ-110-014,482,704
CYQ-110-015,268,207
CYQ-120-001,1129,1139
CYQ-120-002,797,864
CYQ-120-006,495,548
CYQ-120-007,598,648
CYQ-120-008,585,529
CYQ-120-009,146,150
CYQ-120-003,474,685
CYQ-120-004,662,853
CYQ-120-005,264,386
CYQ-120-013,527,817
CYQ-120-014,350,458
CYQ-120-010,269,182
CYQ-120-011,213,148
CYQ-120-012,383,526
CYQ-120-017,636,456
CYQ-120-015,509,722
CYQ-120-016,456,800
CYQ-120-025,320,433
CYQ-120-018,991,1288
CYQ-120-019,871,1015
CYQ-120-026,264,325
CYQ-120-021,600,623
CYQ-120-020,611,623
CYQ-120-022,243,353
CYQ-120-023,260,387
CYQ-120-024,338,532
CYQ-050-001,635,815
CYQ-050-002,511,675
CYQ-050-003,753,1344
CYQ-050-004,475,1053
CYQ-050-005,315,799
CYQ-050-006,579,742
CYQ-050-007,333,637
CYQ-050-008,310,890
CYQ-050-009,233,342
CYQ-050-010,218,349
CYQ-050-011,229,403
CYQ-050-012,561,834
CYQ-050-013,234,461
CYQ-050-014,158,243
CYQ-050-015,230,408
CYQ-050-022,1091,1777
CYQ-050-023,548,798
CYQ-050-028,1317,1876
CYQ-050-024,726,811
CYQ-050-025,560,1029
CYQ-050-026,439,668
CYQ-050-016,566,665
CYQ-050-017,658,874
CYQ-050-027,801,1092
CYQ-050-018,544,733
CYQ-050-019,633,855
CYQ-050-020,1126,1517
CYQ-050-021,267,662
CYQ-070-001,582,818
CYQ-070-002,320,742
CYQ-070-003,346,708
CYQ-070-004,439,651
CYQ-070-005,225,665
CYQ-070-006,305,836
CYQ-070-007,255,908
CYQ-070-008,277,417
CYQ-070-013,326,921
CYQ-070-014,317,771
CYQ-070-015,356,707
CYQ-070-018,250,419
CYQ-070-017,273,481
CYQ-070-016,326,471
CYQ-070-019,262,470
CYQ-070-020,256,612
CYQ-070-021,278,491
CYQ-070-022,126,283
CYQ-070-023,204,406
CYQ-070-009,111,301
CYQ-070-010,111,613
CYQ-070-011,108,287
CYQ-070-012,174,196
CYQ-040-001,163,211
CYQ-040-002,571,786
CYQ-040-003,345,382
CYQ-040-004,1662,2017
CYQ-040-005,227,571
CYQ-040-006,415,673
CYQ-040-007,115,372
CYQ-040-008,131,381
CYQ-040-009,231,302
CYQ-040-010,95,52
CYQ-040-011,569,671
CYQ-040-012,443,606
CYQ-040-013,457,615
CYQ-040-014,281,319
CYQ-040-015,272,838
CYQ-040-016,632,810
CYQ-040-017,245,506
CYQ-040-018,265,247
CYQ-040-019,336,247
CYQ-040-020,296,289
CYQ-040-021,237,379
CYQ-060-001,354,701
CYQ-060-002,173,325
CYQ-060-003,105,344
CYQ-060-006,137,451
CYQ-060-007,127,485
CYQ-060-008,175,652
CYQ-060-009,207,526
CYQ-060-010,250,514
CYQ-060-004,207,540
CYQ-060-005,119,435
CYQ-060-011,264,709
CYQ-060-012,183,556
CYQ-060-013,143,385
CYQ-060-014,174,457
CYQ-150-001,695,1037
CYQ-150-002,349,398
CYQ-150-004,1277,1841
CYQ-150-003,206,225
CYQ-150-005,194,177
CYQ-150-008,270,232
CYQ-150-010,268,219
CYQ-150-009,542,713
CYQ-150-011,314,371
CYQ-150-006,164,232
CYQ-150-007,116,198
CYQ-150-012,186,178
CYQ-150-014,188,115
CYQ-150-018,99,202
CYQ-150-013,91,110
CYQ-150-015,239,298
CYQ-150-016,334,195
CYQ-150-017,314,441
CYQ-020-001,670,673
CYQ-020-002,693,797
CYQ-020-003,255,536
CYQ-020-004,142,200
CYQ-020-005,213,251
CYQ-020-006,243,274
CYQ-020-007,227,349
CYQ-020-008,600,685
CYQ-020-009,826,1016
CYQ-020-010,1380,1503
CYQ-020-011,256,292
CYQ-020-012,261,243
CYQ-020-013,284,355
CYQ-020-014,281,549
CYQ-020-015,310,406
CYQ-020-016,1026,1162
CYQ-020-017,811,902
CYQ-020-018,227,325
CYQ-020-019,316,417
CYQ-020-020,247,500
CYQ-020-022,220,391
CYQ-020-021,97,102
CYQ-020-023,225,362
CYQ-020-024,233,324
CYQ-020-025,228,579
CYQ-020-026,307,671
CYQ-020-027,95,298
CYQ-080-001,442,496
CYQ-080-002,272,319
CYQ-080-003,253,389
CYQ-080-004,125,56
CYQ-080-005,387,501
CYQ-080-006,450,428
CYQ-080-007,231,385
CYQ-080-008,147,312
CYQ-080-009,190,303
CYQ-080-019,328,674
CYQ-080-020,159,305
CYQ-080-010,178,335
CYQ-080-011,311,439
CYQ-080-012,363,291
CYQ-080-013,292,448
CYQ-080-014,473,593
CYQ-080-015,151,290
CYQ-080-016,126,216
CYQ-080-017,193,269
CYQ-080-018,244,322
CYQ-080-021,227,338
CYQ-080-022,137,232
CYQ-080-023,190,287
CYQ-080-024,167,395
CYQ-080-025,154,221
CYQ-090-001,604,707
CYQ-090-002,309,374
CYQ-090-004,679,564
CYQ-090-003,568,439
CYQ-090-005,464,429
CYQ-090-006,300,230
CYQ-090-007,168,140
CYQ-090-008,464,199
CYQ-090-009,317,467
CYQ-090-010,211,352
CYQ-090-011,145,156
CYQ-090-012,389,301
CYQ-090-022,151,78
CYQ-090-023,459,495
CYQ-090-013,374,595
CYQ-090-014,333,326
CYQ-090-015,198,331
CYQ-090-016,294,331
CYQ-090-017,225,288
CYQ-090-018,337,457
CYQ-090-019,356,347
CYQ-090-020,488,455
CYQ-090-021,329,269
CYQ-030-001,268,218
CYQ-030-002,155,163
CYQ-030-003,780,694
CYQ-030-004,451,464
CYQ-030-005,621,722
CYQ-030-006,327,401
CYQ-030-007,237,288
CYQ-030-008,273,341
CYQ-030-019,473,497
CYQ-030-021,528,644
CYQ-030-020,414,723
CYQ-030-022,242,213
CYQ-030-023,261,337
CYQ-030-013,380,445
CYQ-030-014,718,760
CYQ-030-015,94,137
CYQ-030-016,200,116
CYQ-030-017,130,125
CYQ-030-018,292,320
CYQ-030-009,298,521
CYQ-030-010,479,509
CYQ-030-011,943,972
CYQ-030-012,422,471
CYQ-100-001,311,303
CYQ-100-002,623,606
CYQ-100-003,536,455
CYQ-100-004,432,295
CYQ-100-005,310,280
CYQ-100-006,495,545
CYQ-100-007,148,206
CYQ-100-008,244,129
CYQ-100-009,373,264
CYQ-100-010,193,147
CYQ-100-011,226,144
CYQ-100-012,235,231
CYQ-100-013,563,669
CYQ-100-014,346,347
CYQ-100-015,324,389
CYQ-100-016,281,360
CYQ-100-017,184,196
CYQ-100-018,213,247
CYQ-100-019,302,345
CYQ-100-020,160,179
CYQ-100-021,239,273
CYQ-100-022,250,341
CYQ-130-001,499,752
CYQ-130-002,307,348
CYQ-130-003,314,262
CYQ-130-004,168,491
CYQ-130-005,362,628
CYQ-130-006,758,1084
CYQ-130-007,858,1171
CYQ-130-008,2033,2192
CYQ-130-009,1534,2078
CYQ-130-010,680,648
CYQ-130-011,367,668
CYQ-130-012,653,868
CYQ-130-013,337,434
CYQ-130-014,462,521
CYQ-130-015,245,507
CYQ-130-016,485,1023
CYQ-130-020,254,338
CYQ-130-019,212,266
CYQ-130-017,230,340
CYQ-130-018,360,491
CYQ-130-021,109,177
CYQ-130-022,164,94
CYQ-140-001,770,1040
CYQ-140-002,575,954
CYQ-140-003,225,348
CYQ-140-004,187,505
CYQ-140-005,318,665
CYQ-140-006,149,288
CYQ-140-007,229,527
CYQ-140-008,1206,2256
CYQ-140-009,394,540
CYQ-140-010,452,578
CYQ-140-011,458,743
CYQ-140-012,458,902
CYQ-140-014,267,489
CYQ-140-013,215,343
CYQ-140-015,361,325
CYQ-140-016,186,277
CYQ-140-017,379,942
CYQ-140-018,130,403
CYQ-140-019,122,224
CYQ-140-020,473,928
CYQ-140-021,352,350
CYQ-140-022,79,109
CYQ-140-023,233,340
CYQ-140-024,249,313
CYQ-160-001,274,494
CYQ-160-002,138,153
CYQ-160-003,232,330
CYQ-160-004,456,802
CYQ-160-005,239,378
CYQ-160-006,266,319
CYQ-160-007,204,470
CYQ-160-008,206,330
CYQ-160-009,301,365
CYQ-160-010,207,184
CYQ-160-011,125,166
CYQ-170-001,485,454
CYQ-170-002,271,181
CYQ-170-003,202,136
CYQ-170-004,372,228
CYQ-170-005,238,159
CYQ-180-001,142,50
CYQ-180-002,80,19
CYQ-180-003,67,17
CYQ-180-004,74,93
CYQ-180-006,74,123
CYQ-180-005,127,93
CYQ-180-008,348,177
CYQ-180-007,383,129
CYQ-180-009,114,45
CYQ-180-010,241,84
CYQ-180-011,126,53
CYQ-180-012,88,103
PIF-010-006,273,606
PIF-010-001,366,551
PIF-010-002,321,257
PIF-010-012,646,1147
PIF-010-008,279,631
PIF-010-010,147,377
PIF-010-017,307,699
PIF-010-013,265,556
PIF-010-018,262,557
PIF-010-020,409,500
PIF-010-021,239,357
PIF-010-026,2600,2949
PIF-010-025,1057,1354
PIF-010-023,622,937
PIF-010-024,982,1251
PIF-010-022,486,672
PIF-010-030,1825,2336
PIF-010-028,172,572
PIF-010-027,294,810
PIF-010-029,241,624
PIF-010-055,870,1140
PIF-010-053,1986,2550
PIF-010-081,1254,304
PIF-010-047,544,177
PIF-010-057,220,190
PIF-010-048,658,69
PIF-010-049,361,866
PIF-010-050,303,403
PIF-010-056,403,899
PIF-010-054,643,1270
PIF-010-051,210,625
PIF-010-041,526,1021
PIF-010-042,377,654
PIF-010-031,1244,1905
PIF-010-032,97,288
PIF-010-045,260,498
PIF-010-046,369,742
PIF-010-043,579,926
PIF-010-044,294,773
PIF-010-034,177,414
PIF-010-035,200,331
PIF-010-037,187,324
PIF-010-033,594,1321
PIF-010-036,635,555
PIF-010-039,160,309
PIF-010-040,1612,2449
PIF-010-073,2982,2653
PIF-010-075,2929,2146
PIF-010-066,658,622
PIF-010-074,632,304
PIF-010-071,611,728
PIF-010-065,1441,1226
PIF-010-059,562,738
PIF-010-060,1404,1566
PIF-010-067,743,915
PIF-010-076,344,560
PIF-010-077,212,447
PIF-010-078,250,511
PIF-010-069,1544,1804
PIF-010-068,613,988
PIF-010-064,1178,1268
PIF-010-063,273,305
PIF-010-061,402,550
PIF-010-080,283,748
PIF-010-079,224,455
PIF-010-070,659,871
PIF-020-001,144,209
PIF-020-005,968,1576
PIF-020-002,129,330
PIF-020-004,209,449
PIF-020-003,265,499
PIF-020-006,134,437
PIF-020-007,1115,1732
PIF-020-008,1263,2253
PIF-020-009,395,777
PIF-020-010,223,506
PIF-020-011,395,895
PIF-020-012,507,750
PIF-020-013,1317,2165
PIF-020-014,353,457
PIF-020-015,300,476
PIF-020-016,188,364
PIF-020-017,153,166
PIF-020-018,292,783
PIF-020-019,350,686
PIF-020-020,373,879
PIF-020-021,355,625
PIF-030-001,511,924
PIF-030-002,126,240
PIF-030-003,99,193
PIF-030-004,176,262
PIF-030-005,138,213
PIF-030-019,1721,2835
PIF-030-020,206,372
PIF-030-006,215,256
PIF-030-007,398,777
PIF-030-008,197,374
PIF-030-009,302,553
PIF-030-010,135,301
PIF-030-011,280,586
PIF-030-012,457,815
PIF-030-013,631,1188
PIF-030-014,466,738
PIF-030-015,535,716
PIF-030-016,1094,1696
PIF-030-017,408,895
PIF-030-018,440,646
PIF-030-021,244,465
PIF-030-022,285,160
PIF-030-023,111,29
PIF-040-001,258,239
PIF-040-002,495,572
PIF-040-003,258,300
PIF-040-004,821,893
PIF-040-005,550,691
PIF-040-006,176,214
PIF-040-007,115,150
PIF-040-008,103,143
PIF-040-009,182,327
PIF-040-010,180,249
PIF-040-011,262,279
PIF-040-012,335,513
PIF-040-013,462,515
PIF-040-014,352,315
PIF-040-015,374,352
PIF-040-016,313,362
PIF-040-017,287,288
PIF-050-023,489,560
PIF-050-022,591,834
PIF-050-025,753,707
PIF-050-029,220,180
PIF-050-027,389,507
PIF-050-028,219,430
PIF-050-030,139,133
PIF-050-002,261,335
PIF-050-003,1004,1342
PIF-050-004,130,270
PIF-050-001,153,247
PIF-050-005,406,535
PIF-050-006,622,879
PIF-050-007,448,758
PIF-050-008,476,605
PIF-050-021,372,712
PIF-050-010,201,470
PIF-050-011,437,765
PIF-050-012,397,737
PIF-050-013,362,551
PIF-050-024,334,498
PIF-050-026,355,607
PIF-050-014,222,314
PIF-050-015,280,561
PIF-050-016,424,505
PIF-050-017,279,360
PIF-050-018,473,796
PIF-050-020,321,764
PIF-050-019,378,593
PIF-050-009,536,924
PIF-060-001,516,1011
PIF-060-002,796,1157
PIF-060-003,376,746
PIF-060-004,514,851
PIF-060-005,304,380
PIF-060-009,344,716
PIF-060-010,233,541
PIF-060-011,133,341
PIF-060-008,311,622
PIF-060-006,234,403
PIF-060-007,220,521
PIF-060-014,300,580
PIF-060-013,340,814
PIF-060-015,303,434
PIF-060-012,423,1062
PIF-060-016,310,96
PIF-070-001,401,909
PIF-070-002,191,413
PIF-070-003,295,775
PIF-070-004,481,1111
PIF-070-005,200,547
PIF-070-006,171,404
PIF-070-007,132,312
PIF-080-001,325,806
PIF-080-002,347,639
PIF-080-003,334,751
PIF-080-005,258,542
PIF-080-004,301,592
PIF-080-011,380,647
PIF-080-010,867,1867
PIF-080-006,284,775
PIF-080-008,258,669
PIF-080-007,317,967
PIF-080-009,358,664
PIF-090-001,534,1126
PIF-090-007,226,790
PIF-090-008,282,725
PIF-090-002,299,465
PIF-090-003,164,404
PIF-090-004,224,574
PIF-090-005,390,762
PIF-090-006,278,626
PIF-090-009,321,748
PIF-090-010,394,1255
PIF-090-011,694,599
PIF-090-012,587,606
PIF-090-013,246,331
PIF-090-014,162,160
PIF-100-003,838,552
PIF-100-004,953,812
PIF-100-005,697,591
PIF-100-006,420,278
PIF-100-002,886,1094
PIF-100-007,619,656
PIF-100-009,352,313
PIF-100-001,600,1467
PIF-100-011,975,1352
PIF-100-012,290,409
PIF-100-010,448,636
PIF-100-008,118,289
PIF-110-001,447,1109
PIF-110-002,253,725
PIF-110-003,150,444
PIF-110-004,135,294
PIF-110-005,315,435
PIF-110-006,186,623
PIF-110-007,150,283
PIF-110-008,124,468
PIF-110-009,229,286
PIF-110-010,337,567
PIF-110-011,296,692
PIF-110-012,463,897
PIF-110-013,299,618
PIF-110-014,192,530
PIF-110-015,252,552
PIF-110-016,219,563
PIF-110-017,317,504
PIF-110-018,333,609
PIF-110-019,308,704
PIF-120-001,209,648
PIF-120-002,121,380
PIF-120-003,278,746
PIF-120-004,143,475
PIF-120-005,81,291
PIF-120-006,178,597
PIF-120-007,222,493
PIF-120-008,307,635
PIF-120-010,398,576
PIF-120-009,447,823
PIF-120-011,375,715
PIF-120-012,543,561
PIF-120-013,228,569
PIF-120-014,266,496
PIF-130-001,715,1383
PIF-130-002,640,1136
PIF-130-003,229,699
PIF-130-004,113,277
PIF-130-005,459,953
PIF-130-006,480,1055
PIF-130-007,965,1806
PIF-130-008,536,1063
PIF-130-009,360,789
PIF-130-010,330,875
PIF-130-011,263,716
PIF-130-012,478,1433
PIF-130-013,176,462
PIF-130-014,217,502
PIF-130-015,519,944
PIF-130-016,285,710
PIF-130-017,736,821
PIF-130-018,834,632
PIF-130-019,265,302
PIF-130-020,423,701
PIF-130-021,450,1010
PIF-130-022,307,432
PIF-130-023,203,343
PIF-140-001,367,720
PIF-140-002,150,472
PIF-140-003,184,362
PIF-140-004,140,316
PIF-140-005,304,681
PIF-140-006,248,506
PIF-140-007,137,340
PIF-140-008,77,279
PIF-140-009,610,1276
PIF-140-010,96,270
PIF-140-011,141,324
PIF-140-012,229,390
PIF-140-013,275,461
PIF-140-014,316,513
PIF-140-015,395,442
PIF-150-001,670,906
PIF-150-002,320,527
PIF-150-003,328,455
PIF-150-004,222,358
PIF-150-005,601,727
PIF-150-007,440,572
PIF-150-006,412,377
PIF-160-001,396,401
PIF-160-002,335,224
PIF-160-003,270,430
PIF-160-004,214,280
PIF-160-005,567,643
PIF-160-006,1117,1605
PIF-160-007,613,861
PIF-160-008,507,686
PIF-160-009,689,838
PIF-160-010,161,284
PIF-160-011,316,246
PIF-160-014,864,1078
PIF-160-015,189,219
PIF-160-012,296,315
PIF-160-013,122,157
PIF-170-001,453,881
PIF-170-002,848,1047
PIF-170-003,750,933
PIF-170-004,287,381
PIF-170-005,279,375
PIF-170-006,911,812
PIF-170-007,764,854
PIF-170-012,949,842
PIF-170-013,819,1368
PIF-170-008,452,569
PIF-170-009,735,1016
PIF-170-010,431,863
PIF-170-011,384,714
PIF-170-014,1021,2241
PIF-170-015,667,1110
PIF-180-001,646,1008
PIF-180-002,432,772
PIF-180-004,290,652
PIF-180-003,295,577
PIF-180-005,242,539
PIF-180-006,324,822
PIF-180-007,244,396
PIF-180-008,443,970
PIF-190-001,215,769
PIF-190-002,317,759
PIF-190-004,168,388
PIF-190-005,600,1636
PIF-190-003,240,861
PIF-190-008,200,430
PIF-190-007,228,523
PIF-190-006,411,744
PIF-190-009,798,916
PIF-190-010,229,513
PIF-200-001,388,725
PIF-200-002,246,414
PIF-200-003,97,236
PIF-200-004,270,192
PIF-200-005,266,456
PIF-200-006,238,455
PIF-200-007,261,422
PIF-200-008,168,529
PIF-200-009,173,439
PIF-200-010,102,319
PIF-210-001,285,674
PIF-210-002,355,577
PIF-210-003,169,370
PIF-210-004,313,749
PIF-210-005,263,986
PIF-210-006,320,965
PIF-210-007,223,562
PIF-210-008,156,366
PIF-210-009,233,570
PIF-210-010,180,490
PIF-210-011,273,424
PIF-210-012,700,695
PIF-220-001,626,801
PIF-220-002,402,385
PIF-220-003,374,279
PIF-220-004,643,355
PIF-220-005,389,296
PIF-220-006,339,256
PIF-220-007,510,417
PIF-220-008,288,203
PIF-230-001,351,547
PIF-230-002,94,315
PIF-230-003,162,241
PIF-230-004,158,308
PIF-230-005,107,141
PIF-230-006,239,412
PIF-230-007,269,534
PIF-230-008,80,211
PIF-230-009,130,154
PIF-230-010,159,186
PIF-230-011,106,180
PIF-240-001,493,634
PIF-240-002,174,149
PIF-240-003,514,504
PIF-240-004,400,612
PIF-240-005,138,279
PIF-240-006,540,384
PIF-240-007,91,118
PIF-240-008,147,112
PIF-250-002,706,819
PIF-250-001,405,444
PIF-250-003,316,460
PIF-250-004,252,439
PIF-280-001,185,86
PIF-280-002,406,171
PIF-280-003,602,188
PIF-280-004,327,316
PIF-280-005,193,106
PIF-280-006,1025,438
PIF-290-001,359,200
PIF-290-002,412,161
PIF-290-003,214,173
PIF-290-004,218,55
PIF-290-005,329,77
PIF-290-006,413,75
PIF-300-001,330,312
PIF-300-002,320,67
PIF-300-003,351,125
PIF-300-004,527,170
PIF-300-005,508,153
PIF-300-006,601,101
PIF-300-007,644,123
PIF-310-001,427,64
PIF-310-002,324,66
PIF-310-003,148,43
PIF-310-005,306,45
PIF-310-004,430,65
PIF-310-006,218,34
PIF-320-001,375,149
PIF-320-002,390,127
PIF-320-003,334,123
PIF-320-004,117,35
PIF-320-005,111,73
PIF-320-006,203,81
PIF-320-007,311,60
PIF-320-008,196,38
PIF-330-001,709,349
PIF-330-002,374,96
PIF-330-003,163,101
PIF-330-004,162,55
PIF-330-005,258,163
PIF-330-006,224,85
PIF-260-004,246,146
PIF-260-003,203,199
PIF-260-002,173,78
PIF-260-001,790,295
PIF-260-005,312,196
PIF-260-006,286,140
PIF-260-007,193,73
PIF-260-008,204,115
PIF-260-009,336,153
PIF-260-010,382,112
PIF-270-003,54,31
PIF-270-002,143,43
PIF-270-004,170,129
PIF-270-005,165,81
PIF-270-006,135,177
TTT-010-023,211,254
TTT-010-013,400,526
TTT-010-012,1105,1205
TTT-010-008,795,1012
TTT-010-009,239,302
TTT-010-018,253,286
TTT-010-014,207,153
TTT-010-015,440,570
TTT-010-019,242,241
TTT-010-016,187,240
TTT-010-021,221,296
TTT-010-022,213,332
TTT-010-017,382,476
TTT-010-020,216,323
TTT-010-024,197,295
TTT-010-026,195,303
TTT-010-028,113,162
TTT-010-036,791,942
TTT-010-025,223,215
TTT-010-027,138,125
TTT-010-037,311,319
TTT-010-007,1627,1845
TTT-010-011,803,908
TTT-010-010,794,851
TTT-010-032,614,621
TTT-010-031,766,699
TTT-010-033,426,437
TTT-010-034,514,594
TTT-010-035,372,503
TTT-010-038,2011,2037
TTT-010-039,1374,1288
TTT-010-040,563,838
TTT-010-041,266,466
TTT-010-001,528,410
TTT-010-002,261,197
TTT-010-006,722,585
TTT-010-003,445,407
TTT-010-005,635,989
TTT-010-004,770,694
TTT-010-030,481,715
TTT-010-029,399,453
TTT-010-042,444,343
TTT-010-043,230,391
TTT-010-044,353,436
TTT-010-045,378,419
TTT-010-046,592,345
TTT-020-008,529,357
TTT-020-007,236,122
TTT-020-006,582,387
TTT-020-005,344,370
TTT-020-004,826,606
TTT-020-003,485,267
TTT-020-002,349,211
TTT-020-001,212,107
TTT-030-005,546,476
TTT-030-004,256,314
TTT-030-003,240,270
TTT-030-002,338,331
TTT-030-007,217,200
TTT-030-001,567,435
TTT-030-006,219,111
TTT-040-008,545,646
TTT-040-007,209,326
TTT-040-006,417,407
TTT-040-005,288,392
TTT-040-001,154,106
TTT-040-010,875,667
TTT-040-009,342,229
TTT-040-011,385,218
TTT-040-012,401,176
TTT-040-013,221,378
TTT-040-003,127,146
TTT-040-004,71,150
TTT-040-002,122,99
TTT-050-006,320,334
TTT-050-007,291,393
TTT-050-004,435,360
TTT-050-005,315,211
TTT-050-003,261,207
TTT-050-001,190,161
TTT-050-002,189,406
TTT-060-005,586,606
TTT-060-001,392,328
TTT-060-002,251,200
TTT-060-003,118,60
TTT-060-004,270,206
TTT-060-007,252,238
TTT-060-006,118,99
TTT-060-008,85,122
TTT-060-009,147,89
TTT-060-010,139,72
TTT-070-007,708,653
TTT-070-006,300,296
TTT-070-005,200,136
TTT-070-003,343,244
TTT-070-002,467,277
TTT-070-001,505,381
TTT-070-004,106,61
TTT-080-006,561,233
TTT-080-005,339,205
TTT-080-004,677,560
TTT-080-003,184,132
TTT-080-002,87,70
TTT-080-001,243,151
TTT-090-001,330,439
TTT-090-002,197,230
TTT-090-003,162,293
TTT-090-004,151,222
TTT-090-006,539,500
TTT-090-005,439,519
TTT-090-007,212,246
TTT-090-008,604,308
TTT-090-009,310,165
TTT-100-005,298,174
TTT-100-004,497,566
TTT-100-003,663,459
TTT-100-002,620,190
TTT-100-001,446,213
TTT-110-003,451,349
TTT-110-002,433,259
TTT-110-001,341,151
TTT-120-006,261,59
TTT-120-005,269,80
TTT-120-004,302,260
TTT-120-001,326,91
TTT-120-002,119,53
TTT-120-003,81,73
TTT-130-005,434,234
TTT-130-003,183,87
TTT-130-002,167,32
TTT-130-001,283,86
TTT-130-004,287,78
TTT-140-003,330,194
TTT-140-002,242,87
TTT-140-001,181,99
TTT-140-004,130,56
TTT-140-005,150,32
TTT-150-004,232,187
TTT-150-006,131,50
TTT-150-005,155,96
TTT-150-003,164,53
TTT-150-001,313,150
TTT-150-002,506,121
TTT-160-004,207,119
TTT-160-003,274,179
TTT-160-001,276,187
TTT-160-002,117,120
PEN-010-002,142,72
PEN-010-003,182,152
PEN-010-004,147,167
PEN-010-005,239,301
PEN-010-006,281,352
PEN-010-007,236,181
PEN-010-008,544,580
PEN-010-010,397,265
PEN-010-009,1416,778
PEN-010-011,1468,1532
PEN-010-012,658,747
PEN-010-013,405,430
PEN-010-014,1447,695
PEN-010-015,705,717
PEN-010-016,739,731
PEN-010-017,491,450
PEN-010-018,139,71
PEN-010-019,190,210
PEN-010-020,610,602
PEN-010-021,132,102
PEN-010-022,563,445
PEN-010-023,154,185
PEN-010-025,245,265
PEN-010-024,256,297
PEN-010-026,98,199
PEN-010-028,483,845
PEN-010-027,365,585
PEN-010-029,78,39
PEN-010-030,118,121
PEN-010-031,397,258
PEN-010-032,282,498
PEN-010-033,139,85
PEN-010-034,69,70
PEN-020-001,259,286
PEN-020-002,103,72
PEN-020-003,60,38
PEN-020-004,64,66
PEN-020-005,133,192
PEN-020-006,100,75
PEN-020-007,131,180
PEN-020-008,147,139
PEN-020-009,106,168
PEN-020-010,26,39
PEN-020-015,154,261
PEN-020-011,54,45
PEN-020-013,96,85
PEN-020-012,75,77
PEN-020-014,62,59
PEN-020-016,70,51
PEN-020-017,48,16
PEN-020-018,226,191
PEN-020-019,251,329
PEN-020-020,133,166
PEN-020-021,431,541
PEN-030-001,144,106
PEN-030-002,150,182
PEN-030-003,43,19
PEN-030-004,38,24
PEN-030-005,104,54
PEN-030-006,56,46
PEN-030-007,49,52
PEN-030-008,428,414
PEN-030-009,83,62
PEN-030-010,175,162
PEN-030-011,208,183
PEN-030-012,228,295
PEN-030-013,385,154
PEN-030-014,79,27
PEN-030-015,33,58
PEN-040-001,84,39
PEN-040-002,91,96
PEN-040-004,162,199
PEN-040-003,104,17
PEN-040-005,113,182
PEN-040-006,22,37
PEN-040-007,164,110
PEN-040-008,49,42
PEN-040-009,82,173
PEN-040-010,249,345
PEN-040-011,595,310
PEN-050-001,151,174
PEN-050-002,95,94
PEN-050-003,70,80
PEN-050-004,94,117
PEN-050-005,189,703
PEN-050-008,55,92
PEN-050-006,102,213
PEN-050-007,39,81
PEN-050-009,109,74
PEN-060-001,79,60
PEN-060-002,195,168
PEN-060-003,222,123
PEN-060-004,142,84
PEN-060-005,107,93
PEN-060-006,368,247
KEE-010-021,317,104
KEE-010-022,1245,693
KEE-010-019,549,425
KEE-010-020,458,263
KEE-010-026,1347,677
KEE-010-025,966,567
KEE-010-018,395,380
KEE-010-016,457,470
KEE-010-017,378,192
KEE-010-015,568,215
KEE-010-024,333,237
KEE-010-023,584,362
KEE-010-014,435,273
KEE-010-013,689,319
KEE-010-012,686,325
KEE-010-011,462,272
KEE-010-010,766,454
KEE-010-009,395,262
KEE-010-008,304,233
KEE-010-007,444,243
KEE-010-006,403,243
KEE-010-005,277,287
KEE-010-004,334,235
KEE-010-002,341,296
KEE-010-003,248,232
KEE-010-001,209,179
KEE-070-001,364,230
KEE-070-002,416,247
KEE-070-003,281,179
KEE-070-004,779,497
KEE-070-005,248,232
KEE-070-006,366,258
KEE-070-007,194,169
KEE-070-008,476,422
KEE-070-009,501,285
KEE-070-010,526,312
KEE-070-011,691,415
KEE-070-016,997,697
KEE-070-012,573,382
KEE-070-013,1030,576
KEE-070-014,803,574
KEE-070-018,771,590
KEE-070-020,1316,823
KEE-070-019,573,462
KEE-070-017,658,538
KEE-070-015,318,226
KEE-040-001,382,443
KEE-040-002,269,263
KEE-040-003,401,356
KEE-040-004,479,415
KEE-040-005,670,549
KEE-040-006,305,278
KEE-040-007,303,259
KEE-040-008,284,281
KEE-040-009,256,286
KEE-040-010,402,382
KEE-040-011,211,192
KEE-040-012,211,256
KEE-040-013,666,675
KEE-040-014,173,189
KEE-040-015,347,364
KEE-040-016,198,214
KEE-040-017,417,306
KEE-040-018,216,242
KEE-040-019,224,222
KEE-040-020,209,241
KEE-040-021,237,146
KEE-040-022,370,247
KEE-040-023,267,304
KEE-040-024,933,493
KEE-040-029,558,599
KEE-040-025,190,185
KEE-040-026,158,161
KEE-040-027,169,268
KEE-040-028,159,166
KEE-050-001,189,234
KEE-050-002,343,285
KEE-050-003,265,272
KEE-050-004,297,276
KEE-050-005,265,247
KEE-050-006,393,321
KEE-050-007,266,196
KEE-050-008,380,347
KEE-050-009,371,249
KEE-050-010,414,311
KEE-050-011,552,475
KEE-050-023,183,115
KEE-050-014,208,192
KEE-050-015,262,241
KEE-050-012,550,383
KEE-050-013,310,236
KEE-050-022,969,792
KEE-050-020,1657,1190
KEE-050-021,1381,993
KEE-050-024,1391,1237
KEE-050-019,428,413
KEE-050-018,274,231
KEE-050-017,247,310
KEE-050-016,209,196
KEE-060-003,380,341
KEE-060-001,385,273
KEE-060-002,314,266
KEE-060-004,389,349
KEE-060-005,240,308
KEE-060-006,721,603
KEE-060-007,515,542
KEE-060-009,229,272
KEE-060-010,188,165
KEE-060-008,829,961
KEE-060-015,827,637
KEE-060-025,815,618
KEE-060-016,1241,1106
KEE-060-017,1104,801
KEE-060-018,1075,808
KEE-060-019,788,698
KEE-060-022,841,612
KEE-060-020,747,635
KEE-060-024,742,527
KEE-060-023,1041,875
KEE-060-011,997,921
KEE-060-014,860,748
KEE-060-021,1073,814
KEE-060-012,374,301
KEE-060-013,1246,1056
KEE-030-001,401,361
KEE-030-011,136,137
KEE-030-002,204,174
KEE-030-003,214,151
KEE-030-004,1031,681
KEE-030-008,792,504
KEE-030-007,710,525
KEE-030-009,146,96
KEE-030-010,1185,898
KEE-030-005,867,408
KEE-030-006,936,424
KEE-030-013,1102,714
KEE-030-012,1507,911
KEE-020-001,1005,779
KEE-020-002,625,505
KEE-020-017,643,472
KEE-020-003,1211,757
KEE-020-004,648,450
KEE-020-005,565,451
KEE-020-006,450,333
KEE-020-007,291,200
KEE-020-009,1033,821
KEE-020-008,560,435
KEE-020-011,417,432
KEE-020-020,486,381
KEE-020-010,840,693
KEE-020-018,1300,1080
KEE-020-019,875,712
KEE-020-012,134,129
KEE-020-013,100,65
KEE-020-014,123,85
KEE-020-015,401,292
KEE-020-016,163,104
HSZ-010-011,290,231
HSZ-010-017,597,202
HSZ-010-005,156,221
HSZ-010-007,192,226
HSZ-010-006,95,85
HSZ-010-012,135,157
HSZ-010-051,684,234
HSZ-010-018,1318,860
HSZ-010-019,1237,916
HSZ-010-050,1240,844
HSZ-010-020,1196,1022
HSZ-010-021,894,608
HSZ-010-013,851,550
HSZ-010-048,654,564
HSZ-010-027,1019,642
HSZ-010-026,1641,976
HSZ-010-022,483,317
HSZ-010-023,739,439
HSZ-010-038,858,765
HSZ-010-039,991,1082
HSZ-010-040,763,523
HSZ-010-024,1099,622
HSZ-010-025,1862,285
HSZ-010-036,1355,416
HSZ-010-035,430,92
HSZ-010-037,935,229
HSZ-010-033,982,397
HSZ-010-042,917,564
HSZ-010-047,1937,976
HSZ-010-041,766,675
HSZ-010-043,1535,868
HSZ-010-046,1393,652
HSZ-010-045,1624,799
HSZ-010-044,1293,655
HSZ-010-032,323,219
HSZ-010-004,103,171
HSZ-010-001,164,200
HSZ-010-003,177,293
HSZ-010-002,324,337
HSZ-010-016,1179,962
HSZ-010-029,847,750
HSZ-010-010,219,235
HSZ-010-009,175,272
HSZ-010-008,189,133
HSZ-010-014,844,754
HSZ-010-015,427,411
HSZ-010-049,930,752
HSZ-010-028,894,720
HSZ-010-031,1543,1072
HSZ-010-052,946,744
HSZ-010-030,1069,749
HSZ-010-053,973,501
HSZ-020-001,183,260
HSZ-020-003,156,216
HSZ-020-006,124,145
HSZ-020-002,165,191
HSZ-020-005,273,391
HSZ-020-007,306,349
HSZ-020-031,775,778
HSZ-020-044,351,252
HSZ-020-032,1575,902
HSZ-020-033,821,858
HSZ-020-030,649,668
HSZ-020-034,849,1197
HSZ-020-035,720,36
HSZ-020-010,220,129
HSZ-020-011,136,224
HSZ-020-009,143,180
HSZ-020-013,428,380
HSZ-020-012,346,345
HSZ-020-008,277,296
HSZ-020-014,1206,1130
HSZ-020-037,1314,1331
HSZ-020-038,1311,1257
HSZ-020-016,1093,967
HSZ-020-015,744,639
HSZ-020-017,648,560
HSZ-020-039,1003,668
HSZ-020-040,1213,930
HSZ-020-021,800,470
HSZ-020-043,735,587
HSZ-020-042,1683,1002
HSZ-020-022,1500,1153
HSZ-020-041,1460,956
HSZ-020-023,2188,240
HSZ-020-019,1128,792
HSZ-020-036,1460,1150
HSZ-020-018,524,521
HSZ-020-020,288,314
HSZ-020-024,1594,1182
HSZ-020-026,737,543
HSZ-020-028,771,640
HSZ-020-029,1036,662
HSZ-020-027,406,418
HSZ-020-025,249,148
HSZ-030-009,757,763
HSZ-030-024,948,742
HSZ-030-007,787,704
HSZ-030-008,860,803
HSZ-030-006,732,887
HSZ-030-005,444,774
HSZ-030-004,544,606
HSZ-030-003,590,541
HSZ-030-002,1324,1419
HSZ-030-001,611,670
HSZ-030-010,839,558
HSZ-030-011,745,587
HSZ-030-012,1019,872
HSZ-030-013,754,745
HSZ-030-014,331,336
HSZ-030-015,631,480
HSZ-030-016,672,608
HSZ-030-022,383,429
HSZ-030-021,1131,1031
HSZ-030-023,214,367
HSZ-030-020,481,327
HSZ-030-019,255,150
HSZ-030-018,275,180
HSZ-030-017,265,217
CYI-010-044,1511,1154
CYI-010-038,625,392
CYI-010-042,231,207
CYI-010-041,1423,1006
CYI-010-039,1623,964
CYI-010-037,950,561
CYI-010-043,883,688
CYI-010-036,1477,979
CYI-010-035,1377,898
CYI-010-034,1742,901
CYI-010-045,518,359
CYI-010-046,564,515
CYI-010-047,374,427
CYI-010-048,346,430
CYI-010-049,1223,999
CYI-010-050,730,646
CYI-010-051,674,699
CYI-010-052,1622,1448
CYI-010-054,1226,917
CYI-010-053,881,672
CYI-010-055,1187,952
CYI-010-004,1037,839
CYI-010-003,754,622
CYI-010-002,1120,960
CYI-010-001,1147,1087
CYI-010-005,1879,1496
CYI-020-031,293,299
CYI-020-016,2085,1984
CYI-020-021,2006,1648
CYI-020-019,892,718
CYI-020-020,511,456
CYI-020-017,366,499
CYI-020-015,630,666
CYI-020-018,1122,1178
CYI-020-022,701,639
CYI-020-045,309,350
CYI-020-046,617,584
CYI-020-047,1771,1421
CYI-020-048,1576,1358
CYI-020-049,2584,2507
CYI-020-050,1056,1083
CYI-020-053,1624,1341
CYI-020-051,701,658
CYI-020-052,1055,90
CYI-020-054,599,36
CYI-020-055,960,471
CYI-020-003,643,781
CYI-020-005,604,716
CYI-020-001,355,463
CYI-020-002,597,653
CYI-020-009,1299,1325
CYI-020-011,2916,2922
CYI-020-010,997,1445
CYI-020-012,880,880
CYI-020-013,486,429
CYI-020-014,339,322
